account_id,business_name,industry,state,disbursement_cohort,funding_amount,total_repayable,net_funding,repayment_status,repayment_term_months,monthly_payment_amount,total_paid,outstanding_balance,pct_repaid,months_active
ACC-0001,Summit Trading Co.,Retail,AL,2024-11,31500,39249.0,31026.44,On Track,9,4361.0,4361.0,34888.0,11.11,1
ACC-0002,Pine Hollow Carpentry,Construction,NH,2024-10,90500,130229.5,88449.28,On Track,18,7234.97,14469.94,115759.56,11.11,2
ACC-0003,Beacon Storefront,E-Commerce,PA,2024-07,28500,38104.5,27942.13,On Track,9,4233.83,21169.15,16935.35,55.56,5
ACC-0004,Willow Wellness Clinic,Healthcare,NV,2023-04,47000,57951.0,46167.88,Paid Off,12,4829.25,57951.0,0.0,100.0,12
ACC-0005,Highland Dermatology,Healthcare,MD,2023-08,40000,51400.0,39031.84,On Track,6,8566.67,51400.02,0.0,100.0,6
ACC-0006,Ironclad Express,Logistics,TN,2024-05,60000,84060.0,58894.41,On Track,18,4670.0,28020.0,56040.0,33.33,7
ACC-0007,Patriot Mercantile,Retail,ME,2024-12,38500,52013.5,37580.5,On Track,18,2889.64,0.0,52013.5,0.0,0
ACC-0008,Meridian Excavation,Construction,OK,2024-08,47500,62605.0,46517.27,On Track,12,5217.08,20868.32,41736.68,33.33,4
ACC-0009,Ironclad Cafe,Food & Beverage,MS,2023-11,48500,68676.0,47636.64,On Track,9,7630.67,61045.36,7630.64,88.89,9
ACC-0010,Liberty Apparel,Retail,AK,2023-06,36500,49348.0,35876.89,On Track,9,5483.11,49347.99,0.01,100.0,9
ACC-0011,Blue River DTC,E-Commerce,NE,2024-12,72000,96696.0,70664.19,On Track,12,8058.0,0.0,96696.0,0.0,0
ACC-0012,Maple Lane Hauling,Logistics,AZ,2023-07,62500,75437.5,61534.53,On Track,12,6286.46,75437.52,0.0,100.0,12
ACC-0013,Brookstone Builders,Construction,WA,2023-09,52500,62055.0,51469.85,Late,9,6895.0,58016.9,4038.1,93.49,9
ACC-0014,Patriot Excavation,Construction,NM,2024-12,43500,62640.0,42258.97,Defaulted,9,6960.0,0.0,62640.0,0.0,0
ACC-0015,Market Street Builders,Construction,ME,2024-02,85000,113050.0,82665.01,On Track,9,12561.11,113049.99,0.01,100.0,9
ACC-0016,Golden State Roofing,Construction,MO,2023-07,48500,61837.5,47501.87,On Track,12,5153.12,61837.44,0.06,100.0,12
ACC-0017,Rocky Peak Digital,E-Commerce,NM,2023-01,46500,61705.5,45400.86,Paid Off,12,5142.12,61705.44,0.06,100.0,12
ACC-0018,Mainline Market,Retail,IN,2023-11,58500,68386.5,57124.64,Paid Off,12,5698.88,68386.56,0.0,100.0,12
ACC-0019,Pioneer Trucking,Logistics,IA,2024-12,140000,195580.0,136159.65,On Track,12,16298.33,0.0,195580.0,0.0,0
ACC-0020,Summit Dermatology,Healthcare,MA,2023-11,26500,32197.5,26008.57,On Track,9,3577.5,32197.5,0.0,100.0,9
ACC-0021,Lakeside DTC,E-Commerce,IL,2024-05,84000,116844.0,82366.55,On Track,9,12982.67,90878.69,25965.31,77.78,7
ACC-0022,Trailhead Family Dental,Healthcare,PA,2023-07,19500,25545.0,19119.23,Paid Off,6,4257.5,25545.0,0.0,100.0,6
ACC-0023,Summit Kitchen,Food & Beverage,CO,2024-07,62000,76446.0,61031.99,On Track,12,6370.5,31852.5,44593.5,41.67,5
ACC-0024,Stonebridge Freight,Logistics,TN,2024-07,131000,151829.0,128416.64,On Track,9,16869.89,84349.45,67479.55,55.56,5
ACC-0025,Pioneer Masonry,Construction,LA,2024-03,72000,100440.0,69971.85,On Track,9,11160.0,100440.0,0.0,100.0,9
ACC-0026,Crossroads Commerce Co.,E-Commerce,NH,2024-07,60500,72781.5,58764.87,On Track,9,8086.83,40434.15,32347.35,55.56,5
ACC-0027,New Day Physical Therapy,Healthcare,DE,2024-02,40500,47223.0,39825.9,On Track,9,5247.0,47223.0,0.0,100.0,9
ACC-0028,Lakeside Excavation,Construction,MD,2023-10,56000,77112.0,54775.23,Paid Off,12,6426.0,64260.0,12852.0,83.33,12
ACC-0029,Golden State Online,E-Commerce,PA,2024-06,48000,60240.0,47005.43,On Track,9,6693.33,40159.98,20080.02,66.67,6
ACC-0030,Liberty Home Health,Healthcare,IN,2024-09,35500,44978.5,34706.92,On Track,6,7496.42,22489.26,22489.24,50.0,3
ACC-0031,New Day Dermatology,Healthcare,CT,2024-09,47000,57528.0,45903.92,On Track,12,4794.0,14382.0,43146.0,25.0,3
ACC-0032,Maple Lane Pizzeria,Food & Beverage,NE,2023-06,61500,86592.0,60558.81,Late,9,9621.33,81309.35,5282.65,93.9,9
ACC-0033,Mainline Goods,Retail,FL,2024-05,36000,44604.0,35005.19,On Track,9,4956.0,34692.0,9912.0,77.78,7
ACC-0034,Pioneer Commerce Co.,E-Commerce,KS,2023-01,35500,43061.5,34449.02,On Track,9,4784.61,38276.88,4784.62,88.89,9
ACC-0035,Rocky Peak Freight,Logistics,MN,2024-02,26000,32318.0,25355.17,On Track,12,2693.17,24238.53,8079.47,75.0,10
ACC-0036,Rocky Peak Mercantile,Retail,NH,2024-02,68000,82348.0,66306.34,Late,9,9149.78,74129.79,8218.21,90.02,9
ACC-0037,Copper Trucking,Logistics,NY,2023-09,74000,92130.0,72303.94,Late,12,7677.5,79932.0,12198.0,86.76,12
ACC-0038,Patriot Electric,Construction,ND,2024-12,62500,73437.5,61249.12,Late,18,4079.86,0.0,73437.5,0.0,0
ACC-0039,Cedar Grove Pizzeria,Food & Beverage,TX,2024-10,93500,112013.0,91888.56,Paid Off,12,9334.42,18668.84,93344.16,16.67,2
ACC-0040,Willow DTC,E-Commerce,AR,2023-01,57500,73312.5,56133.75,On Track,9,8145.83,73312.47,0.03,100.0,9
ACC-0041,Harbor Dry Goods,Retail,ME,2023-06,68000,96152.0,66934.16,On Track,12,8012.67,96152.04,0.0,100.0,12
ACC-0042,Rocky Peak Contracting,Construction,AL,2023-06,65000,75855.0,63221.11,On Track,9,8428.33,75854.97,0.03,100.0,9
ACC-0043,Pioneer Remodeling,Construction,AL,2024-10,52500,63735.0,51381.03,Paid Off,9,7081.67,14163.34,49571.66,22.22,2
ACC-0044,Ironclad Wellness Clinic,Healthcare,HI,2024-01,41000,58343.0,40129.93,Paid Off,12,4861.92,53481.12,4861.88,91.67,11
ACC-0045,Summit Mercantile,Retail,NJ,2024-06,186000,263562.0,182297.19,On Track,9,29284.67,175708.02,87853.98,66.67,6
ACC-0046,Harbor Logistics Group,Logistics,VT,2024-08,43000,58222.0,41729.77,Late,6,9703.67,35185.68,23036.32,60.43,4
ACC-0047,Cedar Grove Dermatology,Healthcare,RI,2024-07,38000,46436.0,37330.3,On Track,9,5159.56,25797.8,20638.2,55.56,5
ACC-0048,Compass Hauling,Logistics,NC,2023-03,70000,89320.0,68791.13,On Track,6,14886.67,89320.02,0.0,100.0,6
ACC-0049,Pine Hollow Builders,Construction,RI,2023-04,63000,76419.0,61898.57,On Track,9,8491.0,76419.0,0.0,100.0,9
ACC-0050,Evergreen Masonry,Construction,FL,2023-10,25500,30319.5,24865.61,Late,12,2526.62,27148.57,3170.93,89.54,12
ACC-0051,Summit Builders,Construction,TN,2023-09,102000,128928.0,98952.4,Defaulted,18,7162.67,42976.02,85951.98,33.33,15
ACC-0052,Redwood Eatery,Food & Beverage,VT,2024-06,52000,68796.0,51036.33,On Track,6,11466.0,68796.0,0.0,100.0,6
ACC-0053,Rocky Peak Medical Group,Healthcare,CA,2023-04,30000,37740.0,29142.47,Defaulted,12,3145.0,15725.0,22015.0,41.67,12
ACC-0054,Prairie Wellness Clinic,Healthcare,MS,2023-09,106000,141298.0,103967.0,Late,9,15699.78,112500.37,28797.63,79.62,9
ACC-0055,Coastal Family Dental,Healthcare,TN,2023-06,77500,96022.5,75584.32,Late,6,16003.75,81353.0,14669.5,84.72,6
ACC-0056,Meridian Outfitters,Retail,MS,2023-05,27500,34485.0,27070.79,Late,9,3831.67,29091.05,5393.95,84.36,9
ACC-0057,Coastal Outlet,E-Commerce,TX,2023-05,146000,202502.0,142724.52,On Track,6,33750.33,202501.98,0.02,100.0,6
ACC-0058,Sapphire Emporium,Retail,WA,2023-05,79000,111627.0,77039.33,Late,9,12403.0,101780.79,9846.21,91.18,9
ACC-0059,Willow Remodeling,Construction,MS,2024-02,54500,67961.5,53244.06,Paid Off,9,7551.28,67961.52,0.0,100.0,9
ACC-0060,Golden State Masonry,Construction,AZ,2023-10,132000,174372.0,129549.09,Paid Off,9,19374.67,174372.03,0.0,100.0,9
ACC-0061,Market Street Dispatch,Logistics,LA,2023-11,60000,73980.0,58354.35,On Track,12,6165.0,73980.0,0.0,100.0,12
ACC-0062,Rocky Peak Contracting,Construction,HI,2023-12,54000,62964.0,52404.19,Paid Off,6,10494.0,62964.0,0.0,100.0,6
ACC-0063,Golden State Dermatology,Healthcare,MS,2024-06,38500,52783.5,37657.31,Defaulted,6,8797.25,35189.0,17594.5,66.67,6
ACC-0064,Willow Delivery Co.,Logistics,NJ,2024-09,75500,90675.5,73647.32,On Track,6,15112.58,45337.74,45337.76,50.0,3
ACC-0065,Prairie Vision Center,Healthcare,MS,2024-01,71500,91377.0,69579.78,Defaulted,12,7614.75,60918.0,30459.0,66.67,11
ACC-0066,Cedar Grove Coffee Co.,Food & Beverage,GA,2024-04,55500,71928.0,54466.46,On Track,9,7992.0,63936.0,7992.0,88.89,8
ACC-0067,Golden State Hauling,Logistics,KS,2024-06,35500,42777.5,34507.18,On Track,12,3564.79,21388.74,21388.76,50.0,6
ACC-0068,Rocky Peak Dermatology,Healthcare,ND,2024-05,59000,69502.0,57867.02,On Track,9,7722.44,54057.08,15444.92,77.78,7
ACC-0069,Stonebridge Outfitters,Retail,AK,2023-04,53000,66462.0,51588.21,Late,6,11077.0,62610.67,3851.33,94.21,6
ACC-0070,Lone Star Vision Center,Healthcare,HI,2024-12,26500,38054.0,26057.94,Paid Off,18,2114.11,0.0,38054.0,0.0,0
ACC-0071,Patriot HVAC Services,Construction,VT,2023-05,24500,32707.5,24026.52,On Track,6,5451.25,32707.5,0.0,100.0,6
ACC-0072,Trailhead Grill,Food & Beverage,CA,2023-10,75000,94800.0,73274.68,Paid Off,6,15800.0,94800.0,0.0,100.0,6
ACC-0073,Maple Lane Wellness Clinic,Healthcare,MA,2024-04,13000,15106.0,12702.64,On Track,6,2517.67,15106.02,0.0,100.0,6
ACC-0074,New Day Outfitters,Retail,HI,2023-10,61500,81795.0,59792.98,On Track,18,4544.17,59074.21,22720.79,72.22,14
ACC-0075,Old Town Roofing,Construction,CO,2023-06,42500,50065.0,41227.47,Late,12,4172.08,43769.84,6295.16,87.43,12
ACC-0076,Harbor Urgent Care,Healthcare,MI,2024-11,113000,148369.0,111123.28,Paid Off,12,12364.08,12364.08,136004.92,8.33,1
ACC-0077,Emerald Grill,Food & Beverage,NE,2023-02,42000,57792.0,41199.03,Late,18,3210.67,51666.23,6125.77,89.4,18
ACC-0078,Horizon Coffee Co.,Food & Beverage,FL,2023-06,79000,100883.0,77391.25,Paid Off,6,16813.83,100882.98,0.02,100.0,6
ACC-0079,Prairie DTC,E-Commerce,AR,2024-12,44000,54560.0,43023.91,Defaulted,18,3031.11,0.0,54560.0,0.0,0
ACC-0080,New Day HVAC Services,Construction,CT,2024-06,58500,68094.0,57189.09,On Track,9,7566.0,37830.0,30264.0,55.56,6
ACC-0081,Stonebridge Cartage,Logistics,NC,2023-03,82500,95452.5,80202.96,On Track,12,7954.38,95452.56,0.0,100.0,12
ACC-0082,Mainline Physical Therapy,Healthcare,UT,2024-07,42500,54357.5,41371.27,On Track,9,6039.72,24158.88,30198.62,44.44,5
ACC-0083,Old Town Supply Co.,Retail,GA,2024-12,95000,134425.0,93548.14,Paid Off,9,14936.11,0.0,134425.0,0.0,0
ACC-0084,Emerald Plumbing,Construction,KY,2023-03,32000,39136.0,31301.59,Paid Off,18,2174.22,36961.74,2174.26,94.44,18
ACC-0085,Keystone Online,E-Commerce,LA,2023-10,64500,85269.0,62934.51,Paid Off,6,14211.5,85269.0,0.0,100.0,6
ACC-0086,Lakeside HVAC Services,Construction,ME,2023-12,91500,123982.5,89495.61,On Track,18,6887.92,82655.04,41327.46,66.67,12
ACC-0087,Lone Star Emporium,Retail,IL,2023-04,79000,92272.0,77660.19,On Track,9,10252.44,92271.96,0.04,100.0,9
ACC-0088,Stonebridge Bistro,Food & Beverage,AZ,2023-05,158000,188968.0,154687.99,Paid Off,12,15747.33,188967.96,0.04,100.0,12
ACC-0089,Harbor Electric,Construction,NE,2023-05,36000,44964.0,35237.71,Defaulted,18,2498.0,14988.0,29976.0,33.33,18
ACC-0090,Urban Electric,Construction,LA,2023-05,26000,35126.0,25536.79,On Track,6,5854.33,35125.98,0.02,100.0,6
ACC-0091,Sapphire Medical Group,Healthcare,LA,2023-10,32000,41024.0,31156.97,On Track,18,2279.11,31907.54,9116.46,77.78,14
ACC-0092,Willow Masonry,Construction,IN,2023-12,79000,108230.0,77434.14,On Track,12,9019.17,99210.87,9019.13,91.67,12
ACC-0093,Sapphire Hauling,Logistics,WA,2023-06,72500,102225.0,70771.98,On Track,12,8518.75,102225.0,0.0,100.0,12
ACC-0094,Emerald Urgent Care,Healthcare,NM,2023-07,58000,79924.0,56681.31,On Track,6,13320.67,79924.02,0.0,100.0,6
ACC-0095,Golden State Logistics Group,Logistics,MA,2023-05,29500,42716.0,28669.24,On Track,12,3559.67,39156.37,3559.63,91.67,12
ACC-0096,Urban Taproom,Food & Beverage,HI,2024-08,84000,115584.0,82586.26,Paid Off,12,9632.0,38528.0,77056.0,33.33,4
ACC-0097,Silver Creek Grill,Food & Beverage,SD,2023-06,28000,39368.0,27532.01,On Track,9,4374.22,39367.98,0.02,100.0,9
ACC-0098,Cedar Grove Masonry,Construction,VT,2024-10,104000,145600.0,101971.5,On Track,6,24266.67,48533.34,97066.66,33.33,2
ACC-0099,Cedar Grove Shop,E-Commerce,AK,2024-01,250000,342250.0,244632.94,On Track,9,38027.78,342250.02,0.0,100.0,9
ACC-0100,New Day Supply Co.,Retail,WA,2024-08,67500,93892.5,66185.23,Defaulted,18,5216.25,20865.0,73027.5,22.22,4
ACC-0101,Pioneer Remodeling,Construction,OH,2024-04,76000,108680.0,73989.97,On Track,6,18113.33,108679.98,0.02,100.0,6
ACC-0102,Willow Eatery,Food & Beverage,CA,2023-07,42000,54306.0,41215.48,On Track,12,4525.5,54306.0,0.0,100.0,12
ACC-0103,Maple Lane Carpentry,Construction,PA,2024-03,20500,27490.5,20166.43,On Track,18,1527.25,13745.25,13745.25,50.0,9
ACC-0104,Mainline Supply Co.,Retail,CO,2023-07,39500,51508.0,38662.32,Paid Off,6,8584.67,51508.02,0.0,100.0,6
ACC-0105,Beacon Electric,Construction,AZ,2023-03,30000,42150.0,29201.98,Late,6,7025.0,37245.08,4904.92,88.36,6
ACC-0106,Cascade Remodeling,Construction,CO,2023-07,25000,31975.0,24306.04,On Track,12,2664.58,29310.38,2664.62,91.67,12
ACC-0107,Golden State Plumbing,Construction,MN,2023-07,142000,198232.0,138307.98,On Track,6,33038.67,198232.02,0.0,100.0,6
ACC-0108,Pine Hollow Commerce Co.,E-Commerce,NM,2023-04,64000,88960.0,62504.43,On Track,12,7413.33,88959.96,0.04,100.0,12
ACC-0109,Highland Chiropractic,Healthcare,MA,2023-01,68000,97852.0,66241.32,Paid Off,12,8154.33,89697.63,8154.37,91.67,12
ACC-0110,Ironclad Contracting,Construction,CT,2024-11,46500,56962.5,45327.23,Defaulted,12,4746.88,4746.88,52215.62,8.33,1
ACC-0111,Ironclad Kitchen,Food & Beverage,GA,2024-01,50000,68150.0,49074.23,On Track,9,7572.22,68149.98,0.02,100.0,9
ACC-0112,Market Street Excavation,Construction,TX,2023-10,93500,128749.5,91325.06,On Track,12,10729.12,118020.32,10729.18,91.67,12
ACC-0113,Hometown Online,E-Commerce,WI,2024-11,54000,77274.0,52565.81,Late,12,6439.5,6439.5,70834.5,8.33,1
ACC-0114,Evergreen Physical Therapy,Healthcare,PA,2023-06,73500,104517.0,72047.87,Paid Off,9,11613.0,92904.0,11613.0,88.89,9
ACC-0115,Granite Shop,E-Commerce,CO,2023-10,49500,65439.0,48271.92,On Track,12,5453.25,65439.0,0.0,100.0,12
ACC-0116,Bayview Digital,E-Commerce,SD,2024-09,45500,60242.0,44488.89,On Track,18,3346.78,10040.34,50201.66,16.67,3
ACC-0117,Beacon Trading Co.,Retail,OH,2024-04,25500,30600.0,24925.04,On Track,12,2550.0,20400.0,10200.0,66.67,8
ACC-0118,Evergreen Market,Retail,NE,2023-10,18500,26677.0,18197.51,Late,9,2964.11,22085.58,4591.42,82.79,9
ACC-0119,Trailhead Kitchen,Food & Beverage,DE,2023-07,47500,58282.5,46312.82,Paid Off,9,6475.83,58282.47,0.03,100.0,9
ACC-0120,Sunrise Dry Goods,Retail,WY,2023-01,56500,77235.5,54918.83,Paid Off,6,12872.58,77235.48,0.02,100.0,6
ACC-0121,Vanguard Home Health,Healthcare,MN,2023-03,27000,37503.0,26537.72,Late,9,4167.0,34154.2,3348.8,91.07,9
ACC-0122,Prairie Plumbing,Construction,AZ,2023-04,54000,69228.0,52893.45,On Track,6,11538.0,69228.0,0.0,100.0,6
ACC-0123,Vanguard Digital,E-Commerce,HI,2024-07,56500,68534.5,55611.25,On Track,18,3807.47,19037.35,49497.15,27.78,5
ACC-0124,Northwind Pediatrics,Healthcare,MA,2024-04,17000,20519.0,16737.44,On Track,9,2279.89,18239.12,2279.88,88.89,8
ACC-0125,Liberty Trucking,Logistics,AR,2023-11,33000,46431.0,32015.12,Late,12,3869.25,40084.19,6346.81,86.33,12
ACC-0126,Pine Hollow Shop,E-Commerce,KY,2024-07,69000,89907.0,67454.26,Paid Off,6,14984.5,74922.5,14984.5,83.33,5
ACC-0127,Pine Hollow Apparel,Retail,MS,2023-04,68000,80036.0,66617.37,On Track,9,8892.89,80036.01,0.0,100.0,9
ACC-0128,Evergreen Carpentry,Construction,WV,2023-06,29000,39585.0,28445.43,On Track,9,4398.33,35186.64,4398.36,88.89,9
ACC-0129,Rocky Peak Storefront,E-Commerce,CA,2023-10,60000,73500.0,58217.99,Paid Off,9,8166.67,73500.03,0.0,100.0,9
ACC-0130,Sunrise Shop,E-Commerce,NH,2024-11,96500,136354.5,94687.37,Paid Off,12,11362.88,11362.88,124991.62,8.33,1
ACC-0131,Meridian DTC,E-Commerce,VA,2024-03,84500,105033.5,82312.66,Paid Off,18,5835.19,52516.71,52516.79,50.0,9
ACC-0132,Stonebridge Storefront,E-Commerce,SD,2024-09,52000,62920.0,50998.67,On Track,18,3495.56,10486.68,52433.32,16.67,3
ACC-0133,Compass Trading Co.,Retail,WA,2023-07,42500,49937.5,41817.56,Defaulted,6,8322.92,16645.84,33291.66,33.33,6
ACC-0134,Keystone DTC,E-Commerce,FL,2024-09,39000,50817.0,38015.28,Late,12,4234.75,12211.85,38605.15,24.03,3
ACC-0135,Midtown Builders,Construction,SD,2023-02,71000,91235.0,69933.26,Paid Off,6,15205.83,91234.98,0.02,100.0,6
ACC-0136,Liberty Bistro,Food & Beverage,WI,2023-06,61000,83875.0,59466.69,Paid Off,18,4659.72,79215.24,4659.76,94.44,18
ACC-0137,Compass Fulfillment,E-Commerce,KY,2024-01,78000,100542.0,76537.06,Defaulted,12,8378.5,50271.0,50271.0,50.0,11
ACC-0138,Lone Star Outfitters,Retail,MO,2023-02,59000,73927.0,57454.7,Defaulted,9,8214.11,41070.55,32856.45,55.56,9
ACC-0139,Vanguard Wellness Clinic,Healthcare,NE,2024-09,86500,106222.0,84203.75,Paid Off,6,17703.67,53111.01,53110.99,50.0,3
ACC-0140,Prairie Home Health,Healthcare,MO,2024-09,58000,71514.0,56500.03,On Track,6,11919.0,35757.0,35757.0,50.0,3
ACC-0141,Keystone Fleet Services,Logistics,IA,2024-01,84500,120666.0,83201.47,On Track,9,13407.33,120665.97,0.03,100.0,9
ACC-0142,Old Town Taproom,Food & Beverage,WI,2023-08,89000,106800.0,86725.51,Late,18,5933.33,88044.96,18755.04,82.44,16
ACC-0143,Redwood Eatery,Food & Beverage,WV,2023-03,35500,51333.0,34440.25,Paid Off,12,4277.75,47055.25,4277.75,91.67,12
ACC-0144,Pioneer Dermatology,Healthcare,MD,2024-03,20500,25584.0,20117.89,On Track,18,1421.33,11370.64,14213.36,44.44,9
ACC-0145,Heritage Trucking,Logistics,SD,2024-01,128500,151244.5,126043.91,On Track,6,25207.42,151244.52,0.0,100.0,6
ACC-0146,Pine Hollow Cartage,Logistics,MD,2024-07,63500,77787.5,61772.62,Defaulted,12,6482.29,25929.16,51858.34,33.33,5
ACC-0147,Mainline Trading Co.,Retail,SC,2024-03,21500,25112.0,21125.77,Late,9,2790.22,23149.56,1962.44,92.19,9
ACC-0148,Midtown Kitchen,Food & Beverage,NJ,2023-04,37000,51319.0,36078.38,Defaulted,12,4276.58,25659.48,25659.52,50.0,12
ACC-0149,Hometown Remodeling,Construction,MS,2023-03,84000,109536.0,81788.67,On Track,9,12170.67,97365.36,12170.64,88.89,9
ACC-0150,Ironclad Emporium,Retail,CT,2024-07,47000,58797.0,46268.8,Late,9,6533.0,31254.9,27542.1,53.16,5
ACC-0151,Lone Star Cartage,Logistics,NC,2023-04,41500,55983.5,40532.78,Late,12,4665.29,46983.07,9000.43,83.92,12
ACC-0152,Trailhead Cafe,Food & Beverage,KY,2024-11,119000,159341.0,116187.06,On Track,6,26556.83,26556.83,132784.17,16.67,1
ACC-0153,Downtown Trucking,Logistics,HI,2023-03,31000,44392.0,30393.9,On Track,9,4932.44,44391.96,0.04,100.0,9
ACC-0154,Golden State Smokehouse,Food & Beverage,GA,2024-06,35500,51049.0,34500.85,Defaulted,12,4254.08,25524.48,25524.52,50.0,6
ACC-0155,Old Town Family Dental,Healthcare,WY,2024-12,62000,83948.0,60918.64,On Track,6,13991.33,0.0,83948.0,0.0,0
ACC-0156,Brookstone Direct,E-Commerce,CO,2023-11,68000,94860.0,66608.52,Paid Off,18,5270.0,63240.0,31620.0,66.67,13
ACC-0157,Silver Creek Mercantile,Retail,SC,2023-02,72500,100630.0,70489.57,Paid Off,12,8385.83,100629.96,0.04,100.0,12
ACC-0158,Silver Creek Marketplace,E-Commerce,UT,2024-10,91000,118027.0,89374.77,Paid Off,12,9835.58,19671.16,98355.84,16.67,2
ACC-0159,Crossroads Fulfillment,E-Commerce,AK,2023-05,61500,83701.5,59819.78,On Track,12,6975.12,83701.44,0.06,100.0,12
ACC-0160,Beacon HVAC Services,Construction,NJ,2024-01,72000,84456.0,70834.61,Paid Off,12,7038.0,77418.0,7038.0,91.67,11
ACC-0161,Summit Freight,Logistics,NH,2024-12,47500,65407.5,46438.92,On Track,12,5450.62,0.0,65407.5,0.0,0
ACC-0162,Cascade Direct,E-Commerce,LA,2024-06,57000,82023.0,56080.59,Late,18,4556.83,25185.15,56837.85,30.7,6
ACC-0163,Mainline Home Health,Healthcare,ND,2023-02,58500,68737.5,57027.64,On Track,12,5728.12,68737.44,0.06,100.0,12
ACC-0164,Mainline Pediatrics,Healthcare,MA,2024-08,62000,86862.0,60334.74,Paid Off,9,9651.33,38605.32,48256.68,44.44,4
ACC-0165,Willow Pediatrics,Healthcare,MI,2023-04,84000,120120.0,81669.18,Late,6,20020.0,92541.62,27578.38,77.04,6
ACC-0166,Prairie Masonry,Construction,MI,2024-07,74500,90741.0,72285.94,On Track,12,7561.75,37808.75,52932.25,41.67,5
ACC-0167,Horizon Pizzeria,Food & Beverage,SD,2024-03,56500,73845.5,55082.97,On Track,6,12307.58,73845.48,0.02,100.0,6
ACC-0168,Emerald Kitchen,Food & Beverage,NY,2023-07,35000,49980.0,34071.24,Late,9,5553.33,46061.65,3918.35,92.16,9
ACC-0169,Beacon Urgent Care,Healthcare,ME,2023-11,57000,81966.0,55712.58,On Track,6,13661.0,81966.0,0.0,100.0,6
ACC-0170,Compass Supply Co.,Retail,WA,2023-03,54000,64152.0,52450.68,On Track,12,5346.0,64152.0,0.0,100.0,12
ACC-0171,First Avenue Trading Co.,Retail,SD,2024-12,61000,76555.0,59495.96,On Track,6,12759.17,0.0,76555.0,0.0,0
ACC-0172,Keystone Dry Goods,Retail,WA,2023-06,185000,251415.0,179773.14,Defaulted,12,20951.25,83805.0,167610.0,33.33,12
ACC-0173,Midtown HVAC Services,Construction,OR,2023-08,41000,49856.0,40240.2,Paid Off,12,4154.67,49856.04,0.0,100.0,12
ACC-0174,Cedar Grove Remodeling,Construction,MD,2024-01,69500,86666.5,67939.65,On Track,12,7222.21,79444.31,7222.19,91.67,11
ACC-0175,Patriot Excavation,Construction,RI,2024-05,99000,114543.0,96431.22,Defaulted,9,12727.0,50908.0,63635.0,44.44,7
ACC-0176,Coastal Vision Center,Healthcare,KY,2024-01,58000,69368.0,56953.63,On Track,12,5780.67,63587.37,5780.63,91.67,11
ACC-0177,Sunrise Carpentry,Construction,IN,2024-01,199000,262481.0,195384.15,On Track,12,21873.42,240607.62,21873.38,91.67,11
ACC-0178,Downtown Supply Co.,Retail,MN,2024-03,44500,59897.0,43179.66,On Track,9,6655.22,59896.98,0.02,100.0,9
ACC-0179,Maple Lane Express,Logistics,WI,2024-09,65500,88097.5,64090.5,On Track,12,7341.46,22024.38,66073.12,25.0,3
ACC-0180,Highland Shop,E-Commerce,NH,2023-10,35500,49132.0,34870.68,On Track,9,5459.11,49131.99,0.01,100.0,9
ACC-0181,Sapphire Cartage,Logistics,MD,2024-08,45500,58012.5,44591.28,Paid Off,18,3222.92,12891.68,45120.82,22.22,4
ACC-0182,Mainline Supply Co.,Retail,MS,2024-07,63000,77616.0,61679.48,On Track,6,12936.0,64680.0,12936.0,83.33,5
ACC-0183,Pine Hollow Wellness Clinic,Healthcare,IA,2024-12,87500,101062.5,85369.7,Paid Off,12,8421.88,0.0,101062.5,0.0,0
ACC-0184,Blue River Plumbing,Construction,NC,2024-10,65500,79386.0,63610.64,On Track,12,6615.5,13231.0,66155.0,16.67,2
ACC-0185,Crossroads Dermatology,Healthcare,LA,2024-08,110000,136840.0,106722.13,On Track,9,15204.44,60817.76,76022.24,44.44,4
ACC-0186,Brookstone Pediatrics,Healthcare,NV,2023-06,52000,62556.0,50711.67,On Track,12,5213.0,62556.0,0.0,100.0,12
ACC-0187,Highland Outfitters,Retail,ME,2024-07,46000,53176.0,44827.05,Paid Off,6,8862.67,44313.35,8862.65,83.33,5
ACC-0188,Summit Urgent Care,Healthcare,KY,2024-06,243500,291469.5,238672.02,Paid Off,12,24289.12,145734.72,145734.78,50.0,6
ACC-0189,Downtown Cafe,Food & Beverage,WI,2023-07,68500,92475.0,66591.77,On Track,12,7706.25,92475.0,0.0,100.0,12
ACC-0190,Golden State Kitchen,Food & Beverage,LA,2024-05,37000,49543.0,36324.12,On Track,6,8257.17,49543.02,0.0,100.0,6
ACC-0191,Emerald Carpentry,Construction,AR,2023-07,37500,53662.5,36877.66,On Track,6,8943.75,53662.5,0.0,100.0,6
ACC-0192,Patriot Marketplace,E-Commerce,ME,2024-01,32500,45142.5,31538.04,Late,12,3761.88,32838.92,12303.58,72.75,11
ACC-0193,Sunrise Shop,E-Commerce,NE,2024-08,92000,121440.0,89427.49,On Track,9,13493.33,53973.32,67466.68,44.44,4
ACC-0194,Stonebridge Vision Center,Healthcare,CA,2023-05,45000,53595.0,44120.04,Late,18,2977.5,48540.68,5054.32,90.57,18
ACC-0195,Granite Freight,Logistics,KS,2023-09,59000,77821.0,57517.47,On Track,12,6485.08,77820.96,0.04,100.0,12
ACC-0196,Prairie Mercantile,Retail,FL,2024-08,53000,61904.0,51833.72,On Track,12,5158.67,20634.68,41269.32,33.33,4
ACC-0197,Oakline Medical Group,Healthcare,MT,2023-11,82000,104878.0,80372.55,Paid Off,9,11653.11,104877.99,0.01,100.0,9
ACC-0198,Cedar Grove Goods,Retail,OR,2024-12,34500,43711.5,33834.09,On Track,12,3642.62,0.0,43711.5,0.0,0
ACC-0199,Vanguard Dermatology,Healthcare,WI,2023-01,30500,38979.0,29980.27,On Track,18,2165.5,38979.0,0.0,100.0,18
ACC-0200,Pioneer Hauling,Logistics,MD,2024-06,62000,76508.0,60559.13,Defaulted,6,12751.33,25502.66,51005.34,33.33,6
ACC-0201,Market Street Chiropractic,Healthcare,UT,2024-08,76500,103734.0,74840.03,On Track,9,11526.0,23052.0,80682.0,22.22,4
ACC-0202,Crossroads Logistics Group,Logistics,HI,2024-11,66000,92532.0,64502.94,On Track,9,10281.33,10281.33,82250.67,11.11,1
ACC-0203,Heritage Dermatology,Healthcare,SC,2023-04,35000,48335.0,34361.94,On Track,9,5370.56,48335.04,0.0,100.0,9
ACC-0204,Pine Hollow Remodeling,Construction,NH,2024-12,80000,107040.0,77673.67,On Track,12,8920.0,0.0,107040.0,0.0,0
ACC-0205,Lakeside Dermatology,Healthcare,PA,2023-10,36500,47888.0,35602.87,Late,9,5320.89,44222.83,3665.17,92.35,9
ACC-0206,Brookstone Pizzeria,Food & Beverage,PA,2023-09,41500,48098.5,40317.5,On Track,12,4008.21,48098.52,0.0,100.0,12
ACC-0207,Lone Star Excavation,Construction,NE,2023-09,32500,44427.5,31959.23,Defaulted,9,4936.39,24681.95,19745.55,55.56,9
ACC-0208,Evergreen Trucking,Logistics,IL,2024-04,112500,147712.5,109761.44,Paid Off,6,24618.75,147712.5,0.0,100.0,6
ACC-0209,Pine Hollow Pizzeria,Food & Beverage,NE,2024-04,78000,96018.0,75836.13,Defaulted,9,10668.67,32006.01,64011.99,33.33,8
ACC-0210,Pioneer HVAC Services,Construction,TN,2023-12,76500,95472.0,74972.77,Late,18,5304.0,57623.12,37848.88,60.36,12
ACC-0211,Heritage Taproom,Food & Beverage,WI,2023-02,109000,155979.0,107045.94,Defaulted,12,12998.25,103986.0,51993.0,66.67,12
ACC-0212,New Day Masonry,Construction,WA,2024-12,250000,334250.0,245256.17,Paid Off,9,37138.89,0.0,334250.0,0.0,0
ACC-0213,Prairie Carpentry,Construction,GA,2023-06,21500,27799.5,21089.48,On Track,12,2316.62,27799.44,0.06,100.0,12
ACC-0214,Copper Dermatology,Healthcare,NJ,2023-03,36500,48764.0,35707.66,On Track,6,8127.33,48763.98,0.02,100.0,6
ACC-0215,Stonebridge Roofing,Construction,CO,2024-03,39000,49686.0,38224.31,Paid Off,9,5520.67,49686.03,0.0,100.0,9
ACC-0216,Hometown Pizzeria,Food & Beverage,ND,2023-10,34500,44539.5,33842.12,On Track,9,4948.83,44539.47,0.03,100.0,9
ACC-0217,New Day Market,Retail,WY,2024-03,30500,37728.5,29745.81,Paid Off,18,2096.03,16768.24,20960.26,44.44,9
ACC-0218,Brookstone Trading Co.,Retail,AZ,2024-10,46500,59613.0,45765.51,On Track,12,4967.75,9935.5,49677.5,16.67,2
ACC-0219,Summit Wellness Clinic,Healthcare,NC,2023-03,28000,37968.0,27437.05,Late,12,3164.0,34433.8,3534.2,90.69,12
ACC-0220,Lakeside Freight,Logistics,WV,2023-07,66000,76692.0,64327.15,On Track,6,12782.0,76692.0,0.0,100.0,6
ACC-0221,Pine Hollow Market,Retail,TX,2024-01,56500,78478.5,55503.47,Defaulted,6,13079.75,39239.25,39239.25,50.0,6
ACC-0222,New Day Chiropractic,Healthcare,MD,2024-07,71500,88302.5,70190.55,On Track,12,7358.54,36792.7,51509.8,41.67,5
ACC-0223,Market Street Carpentry,Construction,CO,2024-03,72500,98237.5,71194.28,On Track,9,10915.28,98237.52,0.0,100.0,9
ACC-0224,Mainline Grill,Food & Beverage,WA,2023-10,76500,102739.5,75351.44,Late,18,5707.75,73127.21,29612.29,71.18,14
ACC-0225,Midtown Carpentry,Construction,WA,2024-03,45000,60570.0,44005.21,Late,12,5047.5,40879.24,19690.76,67.49,9
ACC-0226,Golden State Grill,Food & Beverage,NH,2024-12,176500,235098.0,173749.36,Paid Off,9,26122.0,0.0,235098.0,0.0,0
ACC-0227,Evergreen Remodeling,Construction,WI,2023-12,62500,89875.0,61306.62,Defaulted,12,7489.58,59916.64,29958.36,66.67,12
ACC-0228,Heritage Online,E-Commerce,AL,2024-10,19500,25408.5,18916.52,On Track,18,1411.58,2823.16,22585.34,11.11,2
ACC-0229,Northwind Fulfillment,E-Commerce,NM,2024-07,31500,43155.0,30593.56,Late,9,4795.0,23422.89,19732.11,54.28,5
ACC-0230,Willow Eatery,Food & Beverage,AK,2023-08,21000,28602.0,20617.25,On Track,12,2383.5,28602.0,0.0,100.0,12
ACC-0231,Cascade Dermatology,Healthcare,WA,2023-07,55500,67765.5,54409.42,On Track,18,3764.75,64000.75,3764.75,94.44,17
ACC-0232,Rocky Peak Express,Logistics,OH,2024-07,51500,63602.5,50369.29,On Track,9,7066.94,35334.7,28267.8,55.56,5
ACC-0233,Northwind Boutique,Retail,VA,2023-06,42500,54272.5,41324.19,On Track,18,3015.14,54272.52,0.0,100.0,18
ACC-0234,Ironclad Plumbing,Construction,NH,2023-09,166000,204678.0,161511.41,Paid Off,6,34113.0,204678.0,0.0,100.0,6
ACC-0235,Old Town Family Dental,Healthcare,CA,2023-06,74500,93870.0,73241.43,Paid Off,12,7822.5,93870.0,0.0,100.0,12
ACC-0236,Coastal Contracting,Construction,AK,2024-03,82000,103894.0,80616.93,On Track,12,8657.83,69262.64,34631.36,66.67,9
ACC-0237,Keystone DTC,E-Commerce,KY,2023-08,33000,43923.0,32298.72,Defaulted,12,3660.25,10980.75,32942.25,25.0,12
ACC-0238,Meridian Medical Group,Healthcare,PA,2024-04,31500,38304.0,30616.38,On Track,9,4256.0,34048.0,4256.0,88.89,8
ACC-0239,Heritage Pizzeria,Food & Beverage,DE,2024-11,56000,77896.0,54419.05,On Track,12,6491.33,6491.33,71404.67,8.33,1
ACC-0240,Summit Commerce Co.,E-Commerce,TX,2024-08,60500,77500.5,59495.07,Paid Off,6,12916.75,51667.0,25833.5,66.67,4
ACC-0241,Beacon Market,Retail,ID,2024-11,20000,27240.0,19527.71,On Track,9,3026.67,3026.67,24213.33,11.11,1
ACC-0242,Highland Commerce Co.,E-Commerce,MO,2023-01,50000,58700.0,49133.24,On Track,9,6522.22,58699.98,0.02,100.0,9
ACC-0243,Highland Boutique,Retail,HI,2023-11,55500,71650.5,54096.3,Paid Off,12,5970.88,71650.56,0.0,100.0,12
ACC-0244,Trailhead Direct,E-Commerce,MS,2023-06,49000,56742.0,47591.42,On Track,9,6304.67,56742.03,0.0,100.0,9
ACC-0245,Copper DTC,E-Commerce,MN,2024-11,35000,47355.0,34236.25,On Track,9,5261.67,5261.67,42093.33,11.11,1
ACC-0246,Northwind Dry Goods,Retail,AL,2024-06,41000,51373.0,40333.9,Paid Off,18,2854.06,14270.3,37102.7,27.78,6
ACC-0247,Rocky Peak Builders,Construction,NH,2023-08,50000,71750.0,48815.56,On Track,9,7972.22,71749.98,0.02,100.0,9
ACC-0248,Old Town Vision Center,Healthcare,SC,2024-02,58000,72326.0,56774.59,Late,9,8036.22,65045.63,7280.37,89.93,9
ACC-0249,Cascade Masonry,Construction,WA,2024-03,76500,100903.5,74421.99,Late,9,11211.5,88465.15,12438.35,87.67,9
ACC-0250,Cedar Grove Boutique,Retail,KY,2023-12,99500,122086.5,97499.54,On Track,6,20347.75,122086.5,0.0,100.0,6
ACC-0251,Compass Grill,Food & Beverage,VT,2023-12,47000,62792.0,45678.2,On Track,12,5232.67,62792.04,0.0,100.0,12
ACC-0252,Patriot Home Health,Healthcare,UT,2023-02,43000,55470.0,42178.46,On Track,9,6163.33,55469.97,0.03,100.0,9
ACC-0253,Emerald Coffee Co.,Food & Beverage,WY,2023-11,70000,88270.0,68784.61,Paid Off,6,14711.67,73558.35,14711.65,83.33,6
ACC-0254,Golden State Bistro,Food & Beverage,ME,2023-09,77000,93247.0,75491.02,On Track,18,5180.39,77705.85,15541.15,83.33,15
ACC-0255,Prairie Commerce Co.,E-Commerce,TX,2024-08,43500,51460.5,42824.72,Defaulted,12,4288.38,12865.14,38595.36,25.0,4
ACC-0256,Cedar Grove Trading Co.,Retail,NH,2024-09,85000,100810.0,83366.41,On Track,12,8400.83,25202.49,75607.51,25.0,3
ACC-0257,Meridian Excavation,Construction,AZ,2024-07,94500,137025.0,92146.78,Paid Off,18,7612.5,38062.5,98962.5,27.78,5
ACC-0258,Trailhead Mercantile,Retail,IN,2023-01,112000,142688.0,110080.96,On Track,18,7927.11,134760.87,7927.13,94.44,18
ACC-0259,Vanguard Taproom,Food & Beverage,ND,2024-09,146500,168621.5,144057.78,On Track,9,18735.72,56207.16,112414.34,33.33,3
ACC-0260,Rocky Peak Shop,E-Commerce,FL,2023-10,34000,48824.0,33422.48,On Track,12,4068.67,44755.37,4068.63,91.67,12
ACC-0261,Copper Roofing,Construction,MI,2023-11,55500,64158.0,54602.94,Paid Off,12,5346.5,64158.0,0.0,100.0,12
ACC-0262,Willow Eatery,Food & Beverage,RI,2024-11,55500,70818.0,53939.37,Defaulted,9,7868.67,7868.67,62949.33,11.11,1
ACC-0263,Market Street Cafe,Food & Beverage,DE,2024-09,52000,70980.0,50483.59,On Track,9,7886.67,23660.01,47319.99,33.33,3
ACC-0264,Liberty Freight,Logistics,MO,2023-02,38500,54824.0,37895.61,On Track,6,9137.33,54823.98,0.02,100.0,6
ACC-0265,Liberty Delivery Co.,Logistics,HI,2023-09,24500,33418.0,23853.17,On Track,12,2784.83,33417.96,0.04,100.0,12
ACC-0266,Rocky Peak Storefront,E-Commerce,NE,2024-07,58000,74762.0,56488.68,On Track,12,6230.17,31150.85,43611.15,41.67,5
ACC-0267,Sunrise Home Health,Healthcare,IL,2024-01,36000,51912.0,34921.67,Late,12,4326.0,42833.51,9078.49,82.51,11
ACC-0268,Cedar Grove Dermatology,Healthcare,WI,2023-07,57500,66815.0,56337.46,Defaulted,9,7423.89,22271.67,44543.33,33.33,9
ACC-0269,Brookstone Direct,E-Commerce,AR,2024-01,35500,51333.0,34815.47,Late,9,5703.67,48399.07,2933.93,94.28,9
ACC-0270,Meridian Marketplace,E-Commerce,WI,2024-09,30000,42150.0,29346.11,On Track,9,4683.33,14049.99,28100.01,33.33,3
ACC-0271,Cedar Grove Cafe,Food & Beverage,SC,2023-06,62500,89312.5,60759.46,On Track,12,7442.71,74427.1,14885.4,83.33,12
ACC-0272,Copper Supply Co.,Retail,TX,2024-06,60000,73560.0,58444.27,Paid Off,18,4086.67,24520.02,49039.98,33.33,6
ACC-0273,Silver Creek Apparel,Retail,TX,2024-06,75500,90071.5,73833.39,On Track,18,5003.97,30023.82,60047.68,33.33,6
ACC-0274,Mainline Logistics Group,Logistics,GA,2024-10,183000,246867.0,179583.67,Paid Off,18,13714.83,27429.66,219437.34,11.11,2
ACC-0275,Beacon Vision Center,Healthcare,WA,2023-08,64000,83520.0,62342.06,On Track,18,4640.0,74240.0,9280.0,88.89,16
ACC-0276,Evergreen Urgent Care,Healthcare,NJ,2023-06,72000,94104.0,69997.11,On Track,18,5228.0,94104.0,0.0,100.0,18
ACC-0277,Bayview Dermatology,Healthcare,WI,2024-02,30500,43523.5,29859.52,Late,9,4835.94,34897.01,8626.49,80.18,9
ACC-0278,Redwood HVAC Services,Construction,UT,2024-01,27000,36072.0,26324.22,On Track,6,6012.0,36072.0,0.0,100.0,6
ACC-0279,Urban Outfitters,Retail,NH,2023-10,131500,163454.5,128738.08,Defaulted,6,27242.42,54484.84,108969.66,33.33,6
ACC-0280,Copper Trading Co.,Retail,ME,2024-07,33000,41910.0,32268.15,On Track,9,4656.67,18626.68,23283.32,44.44,5
ACC-0281,Harbor Kitchen,Food & Beverage,CO,2024-08,31000,36890.0,30290.92,On Track,9,4098.89,16395.56,20494.44,44.44,4
ACC-0282,Urban Physical Therapy,Healthcare,CO,2023-06,54000,65232.0,52561.66,On Track,6,10872.0,65232.0,0.0,100.0,6
ACC-0283,Willow Builders,Construction,MD,2024-08,52500,62632.5,50942.71,On Track,18,3479.58,13918.32,48714.18,22.22,4
ACC-0284,Downtown Chiropractic,Healthcare,SD,2023-06,33500,46665.5,32774.21,On Track,6,7777.58,46665.48,0.02,100.0,6
ACC-0285,New Day Pediatrics,Healthcare,MT,2023-10,46500,63286.5,45563.74,On Track,18,3515.92,49222.88,14063.62,77.78,14
ACC-0286,First Avenue Delivery Co.,Logistics,MO,2023-01,108000,141372.0,105774.78,Paid Off,12,11781.0,141372.0,0.0,100.0,12
ACC-0287,Rocky Peak Emporium,Retail,IL,2023-09,35500,44801.0,34896.2,Late,12,3733.42,35142.91,9658.09,78.44,12
ACC-0288,First Avenue Outlet,E-Commerce,NH,2024-12,25500,34450.5,25003.92,On Track,12,2870.88,0.0,34450.5,0.0,0
ACC-0289,New Day Storefront,E-Commerce,NY,2023-11,92500,128945.0,90992.55,On Track,9,14327.22,128944.98,0.02,100.0,9
ACC-0290,Pine Hollow Vision Center,Healthcare,WY,2024-06,72000,101808.0,70457.87,On Track,12,8484.0,50904.0,50904.0,50.0,6
ACC-0291,Crossroads Roofing,Construction,OR,2023-03,39000,51246.0,38317.1,Late,6,8541.0,44055.97,7190.03,85.97,6
ACC-0292,Urban Eatery,Food & Beverage,NM,2024-04,23000,32108.0,22535.49,Paid Off,18,1783.78,14270.24,17837.76,44.44,8
ACC-0293,Highland Transport,Logistics,VA,2023-09,36500,47559.5,35518.02,On Track,9,5284.39,47559.51,0.0,100.0,9
ACC-0294,Granite Bakery,Food & Beverage,MI,2024-06,53500,69122.0,52500.14,On Track,9,7680.22,46081.32,23040.68,66.67,6
ACC-0295,First Avenue Outlet,E-Commerce,WA,2024-11,104500,147345.0,101973.36,On Track,12,12278.75,12278.75,135066.25,8.33,1
ACC-0296,Downtown Fulfillment,E-Commerce,ME,2024-01,31000,39246.0,30115.95,On Track,12,3270.5,35975.5,3270.5,91.67,11
ACC-0297,Crossroads Logistics Group,Logistics,CT,2023-03,52500,66622.5,51266.04,On Track,9,7402.5,66622.5,0.0,100.0,9
ACC-0298,Redwood Vision Center,Healthcare,MA,2023-12,79500,98659.5,78076.4,Defaulted,12,8221.63,49329.78,49329.72,50.0,12
ACC-0299,Emerald Coffee Co.,Food & Beverage,CT,2023-03,15000,19590.0,14697.43,On Track,6,3265.0,16325.0,3265.0,83.33,6
ACC-0300,Blue River Mercantile,Retail,CO,2023-11,97000,127361.0,94686.01,On Track,12,10613.42,127361.04,0.0,100.0,12
ACC-0301,Mainline Physical Therapy,Healthcare,VT,2023-02,28500,38418.0,27855.92,On Track,9,4268.67,38418.03,0.0,100.0,9
ACC-0302,Lakeside Plumbing,Construction,SC,2024-04,66000,84414.0,64862.87,Paid Off,9,9379.33,75034.64,9379.36,88.89,8
ACC-0303,Oakline Outfitters,Retail,ID,2023-08,63000,76545.0,61632.78,On Track,6,12757.5,76545.0,0.0,100.0,6
ACC-0304,Urban Express,Logistics,TN,2023-05,100000,141000.0,97685.4,On Track,9,15666.67,141000.03,0.0,100.0,9
ACC-0305,Summit Direct,E-Commerce,AR,2023-01,74500,93423.0,73083.76,On Track,9,10380.33,93422.97,0.03,100.0,9
ACC-0306,Evergreen Supply Co.,Retail,IA,2024-10,15000,21405.0,14637.2,Paid Off,9,2378.33,4756.66,16648.34,22.22,2
ACC-0307,Golden State Pizzeria,Food & Beverage,OK,2024-09,35500,43026.0,34930.14,On Track,6,7171.0,21513.0,21513.0,50.0,3
ACC-0308,Sapphire Storefront,E-Commerce,KS,2024-08,59500,78421.0,58307.08,Defaulted,6,13070.17,26140.34,52280.66,33.33,4
ACC-0309,Brookstone Grill,Food & Beverage,OR,2023-02,49500,64894.5,48160.32,On Track,12,5407.88,64894.56,0.0,100.0,12
ACC-0310,Market Street Emporium,Retail,UT,2023-09,71500,100028.5,70149.42,On Track,6,16671.42,100028.52,0.0,100.0,6
ACC-0311,Old Town Outlet,E-Commerce,AR,2024-12,85000,101320.0,82953.4,Defaulted,12,8443.33,0.0,101320.0,0.0,0
ACC-0312,Sapphire Masonry,Construction,AK,2024-02,77000,109571.0,75371.42,Late,18,6087.28,55159.82,54411.18,50.34,10
ACC-0313,Golden State Dry Goods,Retail,WV,2023-04,49000,64141.0,48032.4,On Track,9,7126.78,64141.02,0.0,100.0,9
ACC-0314,Liberty Smokehouse,Food & Beverage,NE,2023-04,20000,26520.0,19425.16,Late,18,1473.33,23763.79,2756.21,89.61,18
ACC-0315,Cascade Pizzeria,Food & Beverage,MT,2023-07,43000,56029.0,42133.6,On Track,6,9338.17,56029.02,0.0,100.0,6
ACC-0316,Lone Star Digital,E-Commerce,MS,2024-12,69000,80109.0,67720.04,On Track,6,13351.5,0.0,80109.0,0.0,0
ACC-0317,Oakline Electric,Construction,MI,2023-05,30000,38970.0,29140.81,Late,12,3247.5,29175.1,9794.9,74.87,12
ACC-0318,Downtown Contracting,Construction,OH,2024-10,78000,95862.0,75957.25,Late,12,7988.5,14125.37,81736.63,14.74,2
ACC-0319,Sunrise Hauling,Logistics,NH,2024-05,90500,113396.5,88216.96,On Track,12,9449.71,66147.97,47248.53,58.33,7
ACC-0320,Downtown Carpentry,Construction,FL,2024-11,59000,79355.0,58071.16,Paid Off,6,13225.83,13225.83,66129.17,16.67,1
ACC-0321,Meridian Taproom,Food & Beverage,NY,2024-08,10000,12990.0,9830.32,On Track,12,1082.5,3247.5,9742.5,25.0,4
ACC-0322,Keystone Emporium,Retail,ND,2023-08,27000,31806.0,26336.47,On Track,9,3534.0,31806.0,0.0,100.0,9
ACC-0323,Maple Lane Online,E-Commerce,CO,2024-08,155000,181660.0,152188.07,Defaulted,9,20184.44,80737.76,100922.24,44.44,4
ACC-0324,Keystone Fleet Services,Logistics,ME,2023-05,40500,48843.0,39755.42,On Track,6,8140.5,48843.0,0.0,100.0,6
ACC-0325,Beacon Trucking,Logistics,SC,2023-08,18500,22329.5,18006.29,Paid Off,18,1240.53,18607.95,3721.55,83.33,16
ACC-0326,Lakeside Kitchen,Food & Beverage,NM,2023-06,108500,144522.0,106407.16,Paid Off,6,24087.0,144522.0,0.0,100.0,6
ACC-0327,Ironclad Bistro,Food & Beverage,CT,2023-04,55500,66766.5,54607.9,Paid Off,12,5563.88,61202.68,5563.82,91.67,12
ACC-0328,Granite Boutique,Retail,AZ,2023-03,101000,142915.0,99429.81,On Track,12,11909.58,142914.96,0.04,100.0,12
ACC-0329,Crossroads Emporium,Retail,NJ,2023-05,64000,77632.0,62614.55,Defaulted,12,6469.33,45285.31,32346.69,58.33,12
ACC-0330,Cascade Fulfillment,E-Commerce,MS,2023-03,71000,83567.0,69277.76,Paid Off,12,6963.92,83567.04,0.0,100.0,12
ACC-0331,Horizon Shop,E-Commerce,WI,2023-10,67000,94671.0,65121.77,Paid Off,18,5259.5,73633.0,21038.0,77.78,14
ACC-0332,Ironclad Family Dental,Healthcare,NE,2023-02,80500,99739.5,79158.7,On Track,6,16623.25,99739.5,0.0,100.0,6
ACC-0333,Mainline Cafe,Food & Beverage,WA,2023-02,192500,246015.0,189044.61,On Track,6,41002.5,246015.0,0.0,100.0,6
ACC-0334,Brookstone Plumbing,Construction,HI,2024-12,94000,135172.0,91842.98,On Track,12,11264.33,0.0,135172.0,0.0,0
ACC-0335,Meridian Family Dental,Healthcare,MN,2023-03,23000,32959.0,22529.38,On Track,9,3662.11,32958.99,0.01,100.0,9
ACC-0336,First Avenue Masonry,Construction,CT,2023-02,70500,96162.0,68932.22,On Track,6,16027.0,96162.0,0.0,100.0,6
ACC-0337,Rocky Peak Transport,Logistics,NH,2023-01,103000,120613.0,100027.23,Paid Off,6,20102.17,120613.02,0.0,100.0,6
ACC-0338,New Day Bakery,Food & Beverage,GA,2023-04,106500,141432.0,104032.04,Late,9,15714.67,128441.43,12990.57,90.81,9
ACC-0339,Bayview Bakery,Food & Beverage,MO,2024-01,43500,62944.5,42576.63,On Track,6,10490.75,62944.5,0.0,100.0,6
ACC-0340,Northwind Cartage,Logistics,LA,2024-08,104500,149853.0,101381.55,On Track,6,24975.5,99902.0,49951.0,66.67,4
ACC-0341,Stonebridge Online,E-Commerce,GA,2024-06,91500,108153.0,90037.99,Paid Off,18,6008.5,36051.0,72102.0,33.33,6
ACC-0342,Lakeside Cafe,Food & Beverage,CA,2024-02,226500,287428.5,219935.64,On Track,9,31936.5,287428.5,0.0,100.0,9
ACC-0343,Prairie Commerce Co.,E-Commerce,MT,2023-03,36500,45442.5,35677.84,Defaulted,18,2524.58,12622.9,32819.6,27.78,18
ACC-0344,Oakline Online,E-Commerce,WV,2024-07,41500,49343.5,40563.91,On Track,18,2741.31,13706.55,35636.95,27.78,5
ACC-0345,Copper Dispatch,Logistics,GA,2023-01,46500,63147.0,45159.43,On Track,6,10524.5,52622.5,10524.5,83.33,6
ACC-0346,Cascade Grill,Food & Beverage,MA,2024-04,42000,51744.0,41050.39,On Track,12,4312.0,34496.0,17248.0,66.67,8
ACC-0347,Blue River Delivery Co.,Logistics,ID,2023-10,33500,41975.5,32777.2,Defaulted,12,3497.96,24485.72,17489.78,58.33,12
ACC-0348,Prairie Cartage,Logistics,SD,2024-10,12000,14124.0,11770.95,On Track,12,1177.0,2354.0,11770.0,16.67,2
ACC-0349,Willow Pizzeria,Food & Beverage,MA,2023-08,43500,56506.5,42417.62,Paid Off,6,9417.75,56506.5,0.0,100.0,6
ACC-0350,Lone Star Dry Goods,Retail,WI,2024-04,67500,80797.5,65910.73,On Track,6,13466.25,80797.5,0.0,100.0,6
ACC-0351,Cedar Grove Direct,E-Commerce,IL,2023-11,42000,53760.0,41234.96,On Track,6,8960.0,44800.0,8960.0,83.33,6
ACC-0352,Northwind Trading Co.,Retail,CA,2024-01,159500,190283.5,155410.23,Late,12,15856.96,150496.22,39787.28,79.09,11
ACC-0353,Sapphire Bistro,Food & Beverage,NJ,2024-11,55500,79698.0,54131.3,On Track,18,4427.67,4427.67,75270.33,5.56,1
ACC-0354,Trailhead Chiropractic,Healthcare,NC,2024-06,112000,133616.0,109652.48,On Track,12,11134.67,66808.02,66807.98,50.0,6
ACC-0355,Market Street Hauling,Logistics,WY,2023-10,63500,82994.5,62543.31,On Track,12,6916.21,82994.52,0.0,100.0,12
ACC-0356,Midtown Transport,Logistics,UT,2023-11,86500,104578.5,84623.06,Late,18,5809.92,70950.1,33628.4,67.84,13
ACC-0357,Compass Trading Co.,Retail,VT,2024-05,64000,75072.0,63034.18,On Track,12,6256.0,43792.0,31280.0,58.33,7
ACC-0358,Golden State Fleet Services,Logistics,NY,2023-09,117000,141687.0,115113.38,On Track,6,23614.5,141687.0,0.0,100.0,6
ACC-0359,Bayview Boutique,Retail,LA,2023-05,56500,65879.0,55287.56,Defaulted,18,3659.94,40259.34,25619.66,61.11,18
ACC-0360,Bayview HVAC Services,Construction,MI,2023-12,72500,86420.0,71323.41,Paid Off,9,9602.22,86419.98,0.02,100.0,9
ACC-0361,Market Street Logistics Group,Logistics,CT,2023-02,67500,87615.0,66208.39,Late,6,14602.5,81274.81,6340.19,92.76,6
ACC-0362,Silver Creek Trucking,Logistics,MI,2023-05,47000,63262.0,45832.88,Late,12,5271.83,56289.02,6972.98,88.98,12
ACC-0363,Emerald Kitchen,Food & Beverage,ME,2023-11,68500,80556.0,67155.4,Paid Off,18,4475.33,58179.29,22376.71,72.22,13
ACC-0364,Downtown Trucking,Logistics,AK,2024-08,188000,241016.0,182366.63,On Track,9,26779.56,107118.24,133897.76,44.44,4
ACC-0365,Blue River Apparel,Retail,HI,2024-07,47500,62890.0,46134.63,On Track,9,6987.78,34938.9,27951.1,55.56,5
ACC-0366,Harbor Online,E-Commerce,NE,2023-07,69500,84790.0,67847.31,Paid Off,6,14131.67,70658.35,14131.65,83.33,6
ACC-0367,Keystone Wellness Clinic,Healthcare,ME,2023-11,110000,138820.0,106754.54,Paid Off,6,23136.67,138820.02,0.0,100.0,6
ACC-0368,Pioneer Kitchen,Food & Beverage,WY,2023-04,103000,120716.0,100113.91,Defaulted,6,20119.33,40238.66,80477.34,33.33,6
ACC-0369,Stonebridge Outfitters,Retail,MS,2024-07,55500,67488.0,54402.02,Paid Off,12,5624.0,22496.0,44992.0,33.33,5
ACC-0370,Vanguard Masonry,Construction,WV,2023-06,15000,19350.0,14606.34,On Track,18,1075.0,18275.0,1075.0,94.44,18
ACC-0371,Lone Star Physical Therapy,Healthcare,ND,2024-08,73000,105631.0,71755.17,On Track,6,17605.17,70420.68,35210.32,66.67,4
ACC-0372,Harbor Fulfillment,E-Commerce,AZ,2024-09,16000,23184.0,15595.71,Paid Off,9,2576.0,7728.0,15456.0,33.33,3
ACC-0373,Northwind Vision Center,Healthcare,HI,2024-05,123500,178334.0,120737.77,On Track,6,29722.33,148611.65,29722.35,83.33,6
ACC-0374,Patriot Home Health,Healthcare,OK,2023-08,60500,77258.5,59577.23,Late,6,12876.42,64523.3,12735.2,83.52,6
ACC-0375,Bayview Freight,Logistics,NV,2024-11,95500,112117.0,93674.67,Paid Off,12,9343.08,9343.08,102773.92,8.33,1
ACC-0376,Lakeside Dry Goods,Retail,KS,2024-05,33500,41774.5,32517.42,On Track,12,3481.21,24368.47,17406.03,58.33,7
ACC-0377,Cedar Grove Masonry,Construction,NE,2024-04,23500,28693.5,23036.17,Paid Off,12,2391.13,16737.91,11955.59,58.33,8
ACC-0378,Rocky Peak Contracting,Construction,VA,2024-09,63500,73279.0,62374.66,Paid Off,9,8142.11,24426.33,48852.67,33.33,3
ACC-0379,First Avenue Medical Group,Healthcare,MD,2024-10,54000,63666.0,53038.1,Defaulted,12,5305.5,10611.0,53055.0,16.67,2
ACC-0380,Crossroads Eatery,Food & Beverage,AZ,2023-02,42000,54012.0,41068.1,On Track,6,9002.0,54012.0,0.0,100.0,6
ACC-0381,Lakeside Mercantile,Retail,KS,2024-10,57500,71990.0,55910.72,Paid Off,6,11998.33,23996.66,47993.34,33.33,2
ACC-0382,Golden State Fleet Services,Logistics,WA,2024-07,250000,301000.0,243407.49,On Track,18,16722.22,83611.1,217388.9,27.78,5
ACC-0383,Willow Cartage,Logistics,RI,2023-05,87000,118755.0,85124.91,On Track,12,9896.25,118755.0,0.0,100.0,12
ACC-0384,New Day Coffee Co.,Food & Beverage,TN,2023-08,98000,123186.0,96223.17,On Track,18,6843.67,109498.72,13687.28,88.89,16
ACC-0385,Trailhead Apparel,Retail,VA,2024-07,87500,123025.0,86127.04,Late,18,6834.72,32015.3,91009.7,26.02,5
ACC-0386,Evergreen Trading Co.,Retail,CO,2023-06,124000,151528.0,121279.51,Defaulted,12,12627.33,50509.32,101018.68,33.33,12
ACC-0387,Beacon Dry Goods,Retail,IA,2023-11,49500,64944.0,48152.53,On Track,18,3608.0,43296.0,21648.0,66.67,13
ACC-0388,Stonebridge Plumbing,Construction,AZ,2024-05,18000,21690.0,17532.99,Paid Off,9,2410.0,16870.0,4820.0,77.78,7
ACC-0389,Willow Logistics Group,Logistics,AL,2024-04,49500,64300.5,48454.11,On Track,6,10716.75,64300.5,0.0,100.0,6
ACC-0390,Copper Goods,Retail,TN,2024-10,86000,102856.0,83942.83,Paid Off,6,17142.67,34285.34,68570.66,33.33,2
ACC-0391,Lakeside Roofing,Construction,WA,2023-03,32500,38935.0,31799.83,On Track,6,6489.17,38935.02,0.0,100.0,6
ACC-0392,Pine Hollow Grill,Food & Beverage,DE,2023-08,50000,66700.0,48815.74,Paid Off,6,11116.67,66700.02,0.0,100.0,6
ACC-0393,Brookstone Urgent Care,Healthcare,OR,2024-12,37500,46087.5,36646.4,On Track,9,5120.83,0.0,46087.5,0.0,0
ACC-0394,Hometown Online,E-Commerce,NE,2024-02,125500,150851.0,122335.58,Paid Off,12,12570.92,125709.2,25141.8,83.33,10
ACC-0395,Market Street Builders,Construction,AR,2023-07,83000,118607.0,81122.9,On Track,12,9883.92,118607.04,0.0,100.0,12
ACC-0396,Beacon Delivery Co.,Logistics,VA,2023-07,78500,91295.5,76214.93,Paid Off,12,7607.96,91295.52,0.0,100.0,12
ACC-0397,Highland Boutique,Retail,UT,2023-09,77500,102300.0,75839.92,Paid Off,6,17050.0,102300.0,0.0,100.0,6
ACC-0398,Vanguard Cafe,Food & Beverage,NH,2024-02,54000,70956.0,53177.11,On Track,12,5913.0,59130.0,11826.0,83.33,10
ACC-0399,Heritage Pizzeria,Food & Beverage,OK,2023-07,61500,75337.5,60359.45,On Track,9,8370.83,75337.47,0.03,100.0,9
ACC-0400,Mainline Pizzeria,Food & Beverage,MD,2024-03,28500,36651.0,27858.49,Late,6,6108.5,34114.68,2536.32,93.08,6
ACC-0401,Downtown Logistics Group,Logistics,SC,2023-11,16500,19404.0,16118.71,Paid Off,9,2156.0,19404.0,0.0,100.0,9
ACC-0402,Hometown Plumbing,Construction,MN,2024-03,59500,81277.0,58114.5,On Track,9,9030.78,81277.02,0.0,100.0,9
ACC-0403,Maple Lane Eatery,Food & Beverage,WY,2023-04,65500,79713.5,63815.45,On Track,9,8857.06,70856.48,8857.02,88.89,9
ACC-0404,Stonebridge Dispatch,Logistics,AR,2024-03,107000,129256.0,104954.19,On Track,12,10771.33,96941.97,32314.03,75.0,9
ACC-0405,Northwind Wellness Clinic,Healthcare,FL,2024-11,130500,162342.0,127240.95,Paid Off,12,13528.5,13528.5,148813.5,8.33,1
ACC-0406,Meridian Digital,E-Commerce,WI,2023-04,130500,185440.5,127164.36,Paid Off,12,15453.38,185440.56,0.0,100.0,12
ACC-0407,Liberty Pediatrics,Healthcare,IA,2023-08,32000,44448.0,31322.59,On Track,6,7408.0,37040.0,7408.0,83.33,6
ACC-0408,Evergreen Outfitters,Retail,KS,2024-05,45500,65247.0,44543.02,Paid Off,12,5437.25,38060.75,27186.25,58.33,7
ACC-0409,Horizon Dispatch,Logistics,SC,2024-03,71500,96239.0,70235.6,Paid Off,12,8019.92,72179.28,24059.72,75.0,9
ACC-0410,Maple Lane Apparel,Retail,GA,2024-05,221500,298803.5,216802.03,Late,6,49800.58,273119.27,25684.23,91.4,6
ACC-0411,Cascade Kitchen,Food & Beverage,MT,2024-02,124000,160456.0,120676.52,On Track,12,13371.33,120341.97,40114.03,75.0,10
ACC-0412,Keystone Kitchen,Food & Beverage,IA,2024-05,102000,145044.0,99079.27,On Track,9,16116.0,112812.0,32232.0,77.78,7
ACC-0413,Willow Smokehouse,Food & Beverage,GA,2024-03,44500,57983.5,43436.26,On Track,9,6442.61,57983.49,0.01,100.0,9
ACC-0414,Granite Supply Co.,Retail,WI,2023-02,34000,42738.0,33337.32,On Track,6,7123.0,42738.0,0.0,100.0,6
ACC-0415,Highland Outfitters,Retail,GA,2024-07,85000,114070.0,82855.08,On Track,12,9505.83,47529.15,66540.85,41.67,5
ACC-0416,Granite Excavation,Construction,CA,2023-11,30000,39420.0,29216.93,On Track,6,6570.0,39420.0,0.0,100.0,6
ACC-0417,Harbor Express,Logistics,ND,2023-02,48000,56976.0,47040.81,On Track,6,9496.0,56976.0,0.0,100.0,6
ACC-0418,Prairie Supply Co.,Retail,UT,2023-10,51500,65302.0,50088.99,Paid Off,6,10883.67,65302.02,0.0,100.0,6
ACC-0419,Oakline Coffee Co.,Food & Beverage,CT,2023-11,132000,164208.0,129874.08,On Track,18,9122.67,109472.04,54735.96,66.67,13
ACC-0420,Silver Creek Direct,E-Commerce,OK,2023-03,45500,63882.0,44810.16,Paid Off,9,7098.0,63882.0,0.0,100.0,9
ACC-0421,Beacon Freight,Logistics,NV,2024-12,14500,18328.0,14255.75,On Track,9,2036.44,0.0,18328.0,0.0,0
ACC-0422,Rocky Peak Electric,Construction,TN,2023-06,72500,101210.0,71242.84,Paid Off,9,11245.56,101210.04,0.0,100.0,9
ACC-0423,Maple Lane Roofing,Construction,CT,2023-08,37500,48112.5,36443.1,On Track,18,2672.92,40093.8,8018.7,83.33,16
ACC-0424,Urban DTC,E-Commerce,WI,2023-11,56500,77744.0,55292.33,Late,12,6478.67,71995.36,5748.64,92.61,12
ACC-0425,New Day Home Health,Healthcare,NM,2024-08,52500,62527.5,51495.99,Late,18,3473.75,8457.01,54070.49,13.53,4
ACC-0426,Silver Creek Kitchen,Food & Beverage,TX,2024-06,47500,67782.5,46481.78,On Track,9,7531.39,45188.34,22594.16,66.67,6
ACC-0427,Ironclad Dispatch,Logistics,ME,2024-07,85000,109990.0,83221.58,Paid Off,6,18331.67,91658.35,18331.65,83.33,5
ACC-0428,Stonebridge Roofing,Construction,WV,2023-06,23500,28858.0,23041.23,On Track,12,2404.83,28857.96,0.04,100.0,12
ACC-0429,Mainline Dry Goods,Retail,NY,2024-09,41500,50713.0,40791.66,Paid Off,9,5634.78,16904.34,33808.66,33.33,3
ACC-0430,Hometown Roofing,Construction,CT,2024-08,80000,98400.0,78012.9,On Track,12,8200.0,32800.0,65600.0,33.33,4
ACC-0431,Emerald Goods,Retail,WA,2023-12,39000,49140.0,38335.09,On Track,18,2730.0,30030.0,19110.0,61.11,12
ACC-0432,Silver Creek Electric,Construction,SC,2024-02,22500,30712.5,21900.79,On Track,9,3412.5,30712.5,0.0,100.0,9
ACC-0433,Cedar Grove Plumbing,Construction,KS,2023-01,79500,114082.5,78066.99,Late,18,6337.92,99191.65,14890.85,86.95,18
ACC-0434,Compass Goods,Retail,NV,2024-07,102000,137802.0,99351.0,On Track,12,11483.5,57417.5,80384.5,41.67,5
ACC-0435,Cedar Grove Medical Group,Healthcare,MD,2024-12,53500,70299.0,52051.02,Paid Off,9,7811.0,0.0,70299.0,0.0,0
ACC-0436,Meridian Supply Co.,Retail,NV,2023-12,18500,23772.5,18187.72,On Track,9,2641.39,23772.51,0.0,100.0,9
ACC-0437,Cascade Storefront,E-Commerce,WI,2024-01,81000,113238.0,79679.6,On Track,6,18873.0,113238.0,0.0,100.0,6
ACC-0438,Vanguard Fleet Services,Logistics,VT,2023-12,22000,30910.0,21356.64,On Track,12,2575.83,28334.13,2575.87,91.67,12
ACC-0439,Stonebridge Emporium,Retail,HI,2023-03,65000,80470.0,63573.53,Defaulted,6,13411.67,53646.68,26823.32,66.67,6
ACC-0440,Keystone Vision Center,Healthcare,WI,2024-03,34000,48824.0,33168.58,Late,9,5424.89,46442.93,2381.07,95.12,9
ACC-0441,Old Town Freight,Logistics,MI,2024-06,29000,36801.0,28554.88,On Track,12,3066.75,18400.5,18400.5,50.0,6
ACC-0442,Blue River Pizzeria,Food & Beverage,OK,2024-11,43000,59770.0,42175.23,Paid Off,6,9961.67,9961.67,49808.33,16.67,1
ACC-0443,Urban Supply Co.,Retail,RI,2024-11,49500,71280.0,48382.24,On Track,6,11880.0,11880.0,59400.0,16.67,1
ACC-0444,Sunrise Chiropractic,Healthcare,MO,2023-12,38500,52398.5,37410.71,On Track,12,4366.54,52398.48,0.02,100.0,12
ACC-0445,Keystone Online,E-Commerce,MN,2024-12,76000,91048.0,74550.56,On Track,6,15174.67,0.0,91048.0,0.0,0
ACC-0446,Meridian Commerce Co.,E-Commerce,MN,2024-01,43000,57018.0,41855.0,On Track,9,6335.33,57017.97,0.03,100.0,9
ACC-0447,Heritage Bakery,Food & Beverage,UT,2024-04,94500,112077.0,92143.81,On Track,9,12453.0,99624.0,12453.0,88.89,8
ACC-0448,Oakline Hauling,Logistics,MD,2024-03,64000,88768.0,62929.34,Paid Off,9,9863.11,88767.99,0.01,100.0,9
ACC-0449,Lone Star Digital,E-Commerce,IN,2024-12,37500,46275.0,36772.48,On Track,6,7712.5,0.0,46275.0,0.0,0
ACC-0450,Urban Smokehouse,Food & Beverage,ME,2024-06,34000,46206.0,33368.69,Late,12,3850.5,20757.75,25448.25,44.92,6
ACC-0451,Cascade Trucking,Logistics,GA,2023-03,22000,31306.0,21523.97,Paid Off,18,1739.22,31305.96,0.04,100.0,18
ACC-0452,Patriot Trucking,Logistics,MD,2023-02,64500,77658.0,62917.81,Late,6,12943.0,70435.39,7222.61,90.7,6
ACC-0453,Trailhead Home Health,Healthcare,CO,2023-10,45500,57694.0,44521.69,Paid Off,18,3205.22,44873.08,12820.92,77.78,14
ACC-0454,Crossroads Apparel,Retail,CA,2024-01,15000,20160.0,14719.98,Late,12,1680.0,17341.03,2818.97,86.02,11
ACC-0455,Golden State Direct,E-Commerce,OR,2024-05,41000,52316.0,39957.03,On Track,12,4359.67,30517.69,21798.31,58.33,7
ACC-0456,Urban Marketplace,E-Commerce,AR,2023-12,33500,40267.0,32703.8,On Track,12,3355.58,40266.96,0.04,100.0,12
ACC-0457,Market Street Market,Retail,NH,2024-01,131000,151829.0,128014.55,On Track,12,12652.42,139176.62,12652.38,91.67,11
ACC-0458,Heritage Commerce Co.,E-Commerce,RI,2024-11,21500,27348.0,20998.7,Defaulted,12,2279.0,2279.0,25069.0,8.33,1
ACC-0459,Heritage Delivery Co.,Logistics,OR,2023-09,25000,33625.0,24541.79,On Track,9,3736.11,33624.99,0.01,100.0,9
ACC-0460,Prairie Supply Co.,Retail,MN,2023-12,101500,134183.0,98941.54,Paid Off,12,11181.92,134183.04,0.0,100.0,12
ACC-0461,Harbor Remodeling,Construction,GA,2024-02,116000,138852.0,113585.75,Late,9,15428.0,120976.31,17875.69,87.13,9
ACC-0462,Heritage Market,Retail,WA,2023-12,36500,46902.5,35753.5,On Track,6,7817.08,46902.48,0.02,100.0,6
ACC-0463,Cedar Grove Remodeling,Construction,TN,2024-12,39000,49179.0,38327.41,Late,12,4098.25,0.0,49179.0,0.0,0
ACC-0464,Old Town Vision Center,Healthcare,NM,2024-12,77000,94864.0,75155.65,On Track,6,15810.67,0.0,94864.0,0.0,0
ACC-0465,Rocky Peak Outfitters,Retail,CA,2024-01,15500,21219.5,15127.38,On Track,9,2357.72,21219.48,0.02,100.0,9
ACC-0466,Meridian Fleet Services,Logistics,AK,2023-11,20000,24860.0,19597.91,Paid Off,6,4143.33,24859.98,0.02,100.0,6
ACC-0467,Patriot Dry Goods,Retail,KS,2024-03,47000,61664.0,45688.81,On Track,6,10277.33,61663.98,0.02,100.0,6
ACC-0468,Market Street Storefront,E-Commerce,DE,2023-05,129000,184083.0,125429.04,On Track,12,15340.25,184083.0,0.0,100.0,12
ACC-0469,Pine Hollow Kitchen,Food & Beverage,UT,2023-11,43500,57072.0,42776.34,On Track,12,4756.0,52316.0,4756.0,91.67,12
ACC-0470,Summit Transport,Logistics,HI,2023-06,58000,77430.0,56525.32,On Track,9,8603.33,77429.97,0.03,100.0,9
ACC-0471,Sunrise Remodeling,Construction,IA,2023-04,102500,120130.0,100356.98,Late,6,20021.67,111957.54,8172.46,93.2,6
ACC-0472,Rocky Peak Builders,Construction,WI,2023-03,175000,210525.0,169750.75,Late,9,23391.67,186071.57,24453.43,88.38,9
ACC-0473,Redwood Dermatology,Healthcare,SD,2024-03,40000,47200.0,39264.99,On Track,9,5244.44,47199.96,0.04,100.0,9
ACC-0474,Crossroads Urgent Care,Healthcare,HI,2023-01,54500,75155.5,53453.17,On Track,12,6262.96,68892.56,6262.94,91.67,12
ACC-0475,Pioneer Storefront,E-Commerce,MD,2024-04,150000,210150.0,146755.26,On Track,12,17512.5,140100.0,70050.0,66.67,8
ACC-0476,Keystone Excavation,Construction,MT,2023-11,24000,28944.0,23543.26,Late,9,3216.0,25518.0,3426.0,88.16,9
ACC-0477,Brookstone Delivery Co.,Logistics,ND,2023-09,97000,117952.0,94538.15,Paid Off,9,13105.78,117952.02,0.0,100.0,9
ACC-0478,Brookstone Trading Co.,Retail,WA,2024-07,31500,39280.5,30800.27,On Track,18,2182.25,10911.25,28369.25,27.78,5
ACC-0479,Urban DTC,E-Commerce,UT,2024-01,58000,76966.0,56937.84,On Track,12,6413.83,70552.13,6413.87,91.67,11
ACC-0480,Granite Supply Co.,Retail,WI,2024-06,48000,64176.0,46915.41,Defaulted,9,7130.67,14261.34,49914.66,22.22,6
ACC-0481,Highland Grill,Food & Beverage,AZ,2024-06,32500,44070.0,31579.22,Late,9,4896.67,25272.22,18797.78,57.35,6
ACC-0482,Summit Masonry,Construction,ID,2023-01,32000,45504.0,31139.65,On Track,6,7584.0,45504.0,0.0,100.0,6
ACC-0483,Granite Smokehouse,Food & Beverage,NH,2023-06,64000,79296.0,62561.12,Late,18,4405.33,63713.24,15582.76,80.35,18
ACC-0484,Pine Hollow HVAC Services,Construction,AZ,2024-02,95000,128060.0,93163.9,On Track,9,14228.89,128060.01,0.0,100.0,9
ACC-0485,Evergreen Wellness Clinic,Healthcare,LA,2024-12,51000,67218.0,50097.39,On Track,9,7468.67,0.0,67218.0,0.0,0
ACC-0486,Midtown Bakery,Food & Beverage,DE,2023-04,57000,70794.0,55393.98,Late,18,3933.0,58331.95,12462.05,82.4,18
ACC-0487,Coastal Urgent Care,Healthcare,WA,2023-03,75500,107361.0,73563.24,On Track,12,8946.75,107361.0,0.0,100.0,12
ACC-0488,Meridian Digital,E-Commerce,AR,2024-11,32000,37728.0,31245.36,On Track,6,6288.0,6288.0,31440.0,16.67,1
ACC-0489,Midtown Contracting,Construction,DE,2024-12,82500,112530.0,80174.2,Defaulted,6,18755.0,0.0,112530.0,0.0,0
ACC-0490,Downtown DTC,E-Commerce,GA,2023-05,86500,118332.0,85044.61,Late,6,19722.0,110144.25,8187.75,93.08,6
ACC-0491,Ironclad Delivery Co.,Logistics,DE,2023-10,230500,328462.5,224682.79,On Track,12,27371.88,328462.56,0.0,100.0,12
ACC-0492,Blue River Fleet Services,Logistics,NH,2024-04,44500,58117.0,43687.84,Paid Off,6,9686.17,58117.02,0.0,100.0,6
ACC-0493,Beacon Roofing,Construction,ME,2023-05,43000,53578.0,42277.23,Late,18,2976.56,42799.33,10778.67,79.88,18
ACC-0494,Silver Creek Online,E-Commerce,VA,2023-08,84000,117432.0,82153.33,Paid Off,18,6524.0,104384.0,13048.0,88.89,16
ACC-0495,Lone Star Pizzeria,Food & Beverage,IN,2023-10,86500,119456.5,84699.86,Defaulted,12,9954.71,49773.55,69682.95,41.67,12
ACC-0496,Sapphire Home Health,Healthcare,NE,2024-04,41000,53300.0,39806.18,Paid Off,12,4441.67,31091.69,22208.31,58.33,8
ACC-0497,Urban Mercantile,Retail,ND,2023-08,44000,60720.0,43126.17,On Track,9,6746.67,60720.03,0.0,100.0,9
ACC-0498,Lone Star Physical Therapy,Healthcare,NY,2023-10,74000,91020.0,71985.46,On Track,6,15170.0,91020.0,0.0,100.0,6
ACC-0499,New Day Trucking,Logistics,SC,2023-07,35000,46445.0,34081.87,Late,12,3870.42,39434.53,7010.47,84.91,12
ACC-0500,Lone Star Vision Center,Healthcare,HI,2024-07,44000,62040.0,42899.17,Defaulted,6,10340.0,20680.0,41360.0,33.33,5
ACC-0501,Ironclad Emporium,Retail,MT,2023-04,58000,72210.0,56329.25,On Track,6,12035.0,72210.0,0.0,100.0,6
ACC-0502,Rocky Peak Direct,E-Commerce,SD,2023-06,95000,123025.0,92993.71,On Track,9,13669.44,123024.96,0.04,100.0,9
ACC-0503,Maple Lane Freight,Logistics,UT,2023-07,39500,56682.5,38676.62,Late,6,9447.08,52596.93,4085.57,92.79,6
ACC-0504,Summit Cartage,Logistics,NM,2024-10,20000,27780.0,19651.72,On Track,9,3086.67,6173.34,21606.66,22.22,2
ACC-0505,Harbor Smokehouse,Food & Beverage,NC,2024-11,19000,26904.0,18636.41,On Track,12,2242.0,2242.0,24662.0,8.33,1
ACC-0506,Golden State Pediatrics,Healthcare,UT,2024-01,27500,34815.0,26724.59,Late,12,2901.25,29046.86,5768.14,83.43,11
ACC-0507,Liberty Marketplace,E-Commerce,NY,2023-04,26500,38398.5,25913.93,Late,12,3199.88,36466.58,1931.92,94.97,12
ACC-0508,First Avenue Cafe,Food & Beverage,WV,2024-07,50500,60398.0,49483.92,Late,12,5033.17,22721.93,37676.07,37.62,5
ACC-0509,Northwind Bistro,Food & Beverage,CT,2023-12,28500,37221.0,27980.11,Paid Off,9,4135.67,37221.03,0.0,100.0,9
ACC-0510,Maple Lane Bistro,Food & Beverage,LA,2024-09,37500,48525.0,36664.71,On Track,12,4043.75,12131.25,36393.75,25.0,3
ACC-0511,Downtown Logistics Group,Logistics,CO,2023-09,36000,50040.0,35073.0,Defaulted,12,4170.0,16680.0,33360.0,33.33,12
ACC-0512,Downtown Excavation,Construction,CA,2024-12,43000,61189.0,42170.08,On Track,9,6798.78,0.0,61189.0,0.0,0
ACC-0513,Meridian Fleet Services,Logistics,MS,2024-08,114000,156066.0,110994.3,On Track,18,8670.33,34681.32,121384.68,22.22,4
ACC-0514,Copper Carpentry,Construction,ID,2023-06,79000,105702.0,77068.7,Late,9,11744.67,92803.59,12898.41,87.8,9
ACC-0515,Emerald Fleet Services,Logistics,MA,2024-06,55500,70929.0,54011.85,Paid Off,6,11821.5,70929.0,0.0,100.0,6
ACC-0516,Urban Apparel,Retail,MI,2023-07,42500,55377.5,41702.55,Late,9,6153.06,49822.19,5555.31,89.97,9
ACC-0517,Sapphire Freight,Logistics,NY,2023-09,43500,56680.5,42435.75,On Track,9,6297.83,56680.47,0.03,100.0,9
ACC-0518,Prairie Outfitters,Retail,WV,2023-07,66000,76296.0,64857.8,Defaulted,9,8477.33,25431.99,50864.01,33.33,9
ACC-0519,Old Town Urgent Care,Healthcare,TX,2024-05,76000,98876.0,74445.27,Paid Off,12,8239.67,57677.69,41198.31,58.33,7
ACC-0520,Northwind Fulfillment,E-Commerce,ME,2023-07,33500,47134.5,32633.51,Paid Off,18,2618.58,44515.86,2618.64,94.44,17
ACC-0521,Sunrise Family Dental,Healthcare,KY,2024-04,56000,76328.0,54629.4,Defaulted,9,8480.89,42404.45,33923.55,55.56,8
ACC-0522,Pioneer Dry Goods,Retail,RI,2024-03,18000,25002.0,17679.28,On Track,12,2083.5,18751.5,6250.5,75.0,9
ACC-0523,Compass Coffee Co.,Food & Beverage,CT,2024-07,62000,78554.0,60271.74,Paid Off,9,8728.22,43641.1,34912.9,55.56,5
ACC-0524,Prairie Electric,Construction,NV,2024-12,83500,109301.5,82180.68,Paid Off,12,9108.46,0.0,109301.5,0.0,0
ACC-0525,Cedar Grove Cafe,Food & Beverage,MI,2023-01,47000,54520.0,45875.37,Late,6,9086.67,47095.73,7424.27,86.38,6
ACC-0526,Harbor Bistro,Food & Beverage,GA,2024-12,149500,189117.5,145051.28,Late,6,31519.58,0.0,189117.5,0.0,0
ACC-0527,Rocky Peak Trucking,Logistics,NM,2023-03,34000,43928.0,33218.93,Paid Off,12,3660.67,43928.04,0.0,100.0,12
ACC-0528,Copper Dry Goods,Retail,KY,2024-01,62000,76074.0,60325.38,On Track,12,6339.5,69734.5,6339.5,91.67,11
ACC-0529,Coastal Dispatch,Logistics,GA,2023-09,54000,62586.0,52707.9,On Track,12,5215.5,57370.5,5215.5,91.67,12
ACC-0530,Cedar Grove Logistics Group,Logistics,NC,2024-04,52000,70564.0,50609.19,Defaulted,12,5880.33,29401.65,41162.35,41.67,8
ACC-0531,Beacon Direct,E-Commerce,FL,2024-06,51500,65971.5,50221.05,Defaulted,12,5497.62,32985.72,32985.78,50.0,6
ACC-0532,Mainline Trading Co.,Retail,ND,2024-09,58500,74587.5,57016.03,Defaulted,9,8287.5,24862.5,49725.0,33.33,3
ACC-0533,Hometown Emporium,Retail,FL,2023-10,87500,107187.5,85888.5,On Track,6,17864.58,107187.48,0.02,100.0,6
ACC-0534,Copper Pizzeria,Food & Beverage,MI,2024-11,117500,154042.5,114430.04,On Track,6,25673.75,25673.75,128368.75,16.67,1
ACC-0535,Blue River Storefront,E-Commerce,SD,2023-08,55000,70455.0,53978.72,Late,6,11742.5,67895.38,2559.62,96.37,6
ACC-0536,Ironclad Mercantile,Retail,ID,2023-05,86000,111112.0,83444.97,Late,9,12345.78,98101.21,13010.79,88.29,9
ACC-0537,Emerald Dermatology,Healthcare,RI,2023-10,37500,49650.0,36809.37,On Track,9,5516.67,49650.03,0.0,100.0,9
ACC-0538,Prairie Outfitters,Retail,OR,2024-01,84000,96768.0,82441.78,Paid Off,9,10752.0,96768.0,0.0,100.0,9
ACC-0539,Northwind Commerce Co.,E-Commerce,VA,2024-05,36000,51192.0,34996.32,On Track,12,4266.0,29862.0,21330.0,58.33,7
ACC-0540,Beacon Outfitters,Retail,FL,2024-08,100000,117100.0,98135.52,On Track,9,13011.11,52044.44,65055.56,44.44,4
ACC-0541,Highland Roofing,Construction,OK,2023-06,185500,238367.5,181713.29,On Track,12,19863.96,238367.52,0.0,100.0,12
ACC-0542,Oakline Dry Goods,Retail,WA,2023-08,51500,62418.0,50175.44,On Track,12,5201.5,57216.5,5201.5,91.67,12
ACC-0543,Emerald Cafe,Food & Beverage,RI,2024-11,16500,21565.5,16213.21,On Track,9,2396.17,2396.17,19169.33,11.11,1
ACC-0544,Heritage Grill,Food & Beverage,GA,2023-11,40500,49977.0,39795.86,Defaulted,9,5553.0,22212.0,27765.0,44.44,9
ACC-0545,Evergreen HVAC Services,Construction,TN,2023-06,108500,152768.0,106080.95,Paid Off,12,12730.67,152768.04,0.0,100.0,12
ACC-0546,Silver Creek Mercantile,Retail,CO,2024-12,74500,94540.5,73110.17,Defaulted,12,7878.38,0.0,94540.5,0.0,0
ACC-0547,Market Street Medical Group,Healthcare,NJ,2023-11,63000,84546.0,61832.3,On Track,9,9394.0,84546.0,0.0,100.0,9
ACC-0548,Maple Lane Commerce Co.,E-Commerce,MO,2024-12,96000,117600.0,94546.7,On Track,9,13066.67,0.0,117600.0,0.0,0
ACC-0549,Granite Commerce Co.,E-Commerce,NE,2024-11,72000,83232.0,70519.91,On Track,12,6936.0,6936.0,76296.0,8.33,1
ACC-0550,Compass Plumbing,Construction,MT,2024-10,107500,136632.5,105374.32,Paid Off,12,11386.04,22772.08,113860.42,16.67,2
ACC-0551,Cedar Grove Electric,Construction,AK,2024-03,91000,119301.0,89592.47,On Track,6,19883.5,119301.0,0.0,100.0,6
ACC-0552,Vanguard Physical Therapy,Healthcare,MT,2024-08,127000,163576.0,123911.55,Paid Off,9,18175.11,72700.44,90875.56,44.44,4
ACC-0553,Midtown Roofing,Construction,WA,2024-12,67000,96413.0,65365.21,Late,18,5356.28,0.0,96413.0,0.0,0
ACC-0554,Lakeside Cafe,Food & Beverage,MI,2023-07,90500,123261.0,89046.39,Late,6,20543.5,109719.56,13541.44,89.01,6
ACC-0555,Blue River Fleet Services,Logistics,IN,2023-01,46500,67378.5,45581.36,On Track,18,3743.25,67378.5,0.0,100.0,18
ACC-0556,Evergreen Commerce Co.,E-Commerce,WY,2023-08,39500,48940.5,38390.36,On Track,6,8156.75,48940.5,0.0,100.0,6
ACC-0557,Summit Remodeling,Construction,CA,2024-04,140500,194873.5,137165.58,On Track,12,16239.46,129915.68,64957.82,66.67,8
ACC-0558,Midtown Dispatch,Logistics,MO,2024-02,62000,81654.0,60686.86,On Track,9,9072.67,72581.36,9072.64,88.89,9
ACC-0559,Lakeside HVAC Services,Construction,MT,2023-02,85500,114057.0,83621.01,Paid Off,6,19009.5,114057.0,0.0,100.0,6
ACC-0560,Rocky Peak Dispatch,Logistics,MS,2024-02,59000,85314.0,57930.67,On Track,18,4739.67,42657.03,42656.97,50.0,10
ACC-0561,Highland Fulfillment,E-Commerce,WA,2023-05,40000,53840.0,38912.87,Paid Off,9,5982.22,47857.76,5982.24,88.89,9
ACC-0562,Hometown Emporium,Retail,MI,2024-01,55500,78810.0,53906.59,On Track,18,4378.33,43783.3,35026.7,55.56,11
ACC-0563,Coastal Wellness Clinic,Healthcare,WI,2024-02,121000,165528.0,117532.14,Defaulted,9,18392.0,73568.0,91960.0,44.44,9
ACC-0564,Urban Cafe,Food & Beverage,AR,2024-04,74500,88506.0,73132.25,Defaulted,18,4917.0,39336.0,49170.0,44.44,8
ACC-0565,Silver Creek Fleet Services,Logistics,OR,2023-10,21500,29240.0,21077.29,On Track,18,1624.44,22742.16,6497.84,77.78,14
ACC-0566,Harbor Grill,Food & Beverage,NJ,2023-10,49000,63455.0,48146.94,Late,12,5287.92,57281.34,6173.66,90.27,12
ACC-0567,Hometown Smokehouse,Food & Beverage,IL,2024-05,146500,208909.0,143627.43,On Track,9,23212.11,162484.77,46424.23,77.78,7
ACC-0568,Stonebridge Cafe,Food & Beverage,ID,2024-07,49000,68208.0,48020.39,Paid Off,12,5684.0,28420.0,39788.0,41.67,5
ACC-0569,Coastal Fulfillment,E-Commerce,OK,2024-08,20500,24210.5,19997.82,Late,12,2017.54,7774.35,16436.15,32.11,4
ACC-0570,Old Town Direct,E-Commerce,NY,2023-09,156000,185640.0,153216.23,Late,18,10313.33,135841.31,49798.69,73.17,15
ACC-0571,Oakline Transport,Logistics,NM,2023-11,80000,93680.0,77696.72,Late,9,10408.89,86195.3,7484.7,92.01,9
ACC-0572,Market Street Family Dental,Healthcare,AZ,2023-08,53000,68794.0,52123.04,On Track,9,7643.78,68794.02,0.0,100.0,9
ACC-0573,Highland Cafe,Food & Beverage,NJ,2024-01,45000,52830.0,44320.36,Late,6,8805.0,45470.21,7359.79,86.07,6
ACC-0574,Stonebridge Apparel,Retail,WY,2023-04,99500,136016.5,96731.49,Paid Off,12,11334.71,136016.52,0.0,100.0,12
ACC-0575,Summit Trading Co.,Retail,AL,2023-11,41000,53956.0,39952.18,On Track,18,2997.56,32973.16,20982.84,61.11,13
ACC-0576,Trailhead Pediatrics,Healthcare,MS,2023-05,103500,145003.5,101395.8,On Track,6,24167.25,120836.25,24167.25,83.33,6
ACC-0577,Evergreen Cartage,Logistics,MO,2024-01,74000,91316.0,72229.0,Late,12,7609.67,75793.89,15522.11,83.0,11
ACC-0578,New Day Marketplace,E-Commerce,VT,2024-09,63000,82278.0,61843.75,Paid Off,18,4571.0,13713.0,68565.0,16.67,3
ACC-0579,Cedar Grove Dispatch,Logistics,IA,2024-12,59500,70507.5,58457.21,On Track,6,11751.25,0.0,70507.5,0.0,0
ACC-0580,Liberty Outfitters,Retail,MS,2023-11,50000,70750.0,48896.64,Defaulted,6,11791.67,23583.34,47166.66,33.33,6
ACC-0581,Hometown Apparel,Retail,OK,2023-02,98000,117894.0,96010.81,Paid Off,12,9824.5,117894.0,0.0,100.0,12
ACC-0582,Stonebridge Express,Logistics,AR,2023-06,34000,40154.0,33176.23,On Track,12,3346.17,40154.04,0.0,100.0,12
ACC-0583,Pioneer Market,Retail,SD,2023-03,22500,27270.0,22088.87,On Track,6,4545.0,27270.0,0.0,100.0,6
ACC-0584,Coastal Emporium,Retail,TN,2024-07,77000,107184.0,75079.32,Paid Off,12,8932.0,44660.0,62524.0,41.67,5
ACC-0585,Hometown Wellness Clinic,Healthcare,OK,2024-12,78000,92196.0,75932.77,Late,12,7683.0,0.0,92196.0,0.0,0
ACC-0586,Hometown Fleet Services,Logistics,NC,2024-02,71500,95381.0,70248.78,Paid Off,18,5298.94,52989.4,42391.6,55.56,10
ACC-0587,Patriot Plumbing,Construction,PA,2023-05,69000,94806.0,67919.61,On Track,18,5267.0,89539.0,5267.0,94.44,18
ACC-0588,Willow Boutique,Retail,SC,2023-01,46000,63250.0,45006.68,Paid Off,12,5270.83,63249.96,0.04,100.0,12
ACC-0589,Keystone Delivery Co.,Logistics,VA,2024-12,85000,102595.0,82738.12,Paid Off,12,8549.58,0.0,102595.0,0.0,0
ACC-0590,Ironclad Logistics Group,Logistics,MI,2023-08,53500,62488.0,52175.25,Late,9,6943.11,55870.52,6617.48,89.41,9
ACC-0591,Heritage Masonry,Construction,MN,2023-03,42000,53970.0,40927.81,On Track,12,4497.5,53970.0,0.0,100.0,12
ACC-0592,Ironclad Logistics Group,Logistics,NY,2023-05,46500,56311.5,45521.52,Late,6,9385.25,51706.88,4604.62,91.82,6
ACC-0593,Brookstone Pizzeria,Food & Beverage,GA,2023-07,167000,227120.0,163906.46,On Track,12,18926.67,227120.04,0.0,100.0,12
ACC-0594,Hometown Transport,Logistics,TX,2024-04,21000,26397.0,20517.49,On Track,6,4399.5,26397.0,0.0,100.0,6
ACC-0595,Redwood Smokehouse,Food & Beverage,RI,2024-10,72500,93162.5,71190.25,Paid Off,12,7763.54,15527.08,77635.42,16.67,2
ACC-0596,Cedar Grove HVAC Services,Construction,NY,2023-07,22000,26048.0,21430.34,Paid Off,6,4341.33,21706.65,4341.35,83.33,6
ACC-0597,Lakeside DTC,E-Commerce,KS,2024-05,52000,68640.0,51066.37,On Track,9,7626.67,53386.69,15253.31,77.78,7
ACC-0598,Compass Builders,Construction,LA,2023-02,43500,52461.0,42657.45,Late,9,5829.0,47749.64,4711.36,91.02,9
ACC-0599,Willow Outlet,E-Commerce,MI,2023-01,17500,23695.0,17104.53,On Track,12,1974.58,23694.96,0.04,100.0,12
ACC-0600,Lakeside Direct,E-Commerce,ND,2023-02,68000,79628.0,66483.56,On Track,12,6635.67,79628.04,0.0,100.0,12
ACC-0601,Market Street Online,E-Commerce,RI,2024-11,44500,64213.5,43431.43,On Track,6,10702.25,10702.25,53511.25,16.67,1
ACC-0602,Highland HVAC Services,Construction,ND,2024-03,17500,23712.5,17122.67,On Track,18,1317.36,11856.24,11856.26,50.0,9
ACC-0603,Horizon Contracting,Construction,WA,2024-08,87500,105437.5,84980.69,Paid Off,18,5857.64,23430.56,82006.94,22.22,4
ACC-0604,Sunrise Outfitters,Retail,WI,2023-01,121000,139634.0,117660.52,Late,9,15514.89,134409.14,5224.86,96.26,9
ACC-0605,Horizon Masonry,Construction,OK,2023-01,125000,156250.0,121476.66,Paid Off,12,13020.83,156249.96,0.04,100.0,12
ACC-0606,Bayview Shop,E-Commerce,ME,2024-09,67000,80132.0,65362.34,On Track,9,8903.56,26710.68,53421.32,33.33,3
ACC-0607,Stonebridge Smokehouse,Food & Beverage,NJ,2023-03,56500,68704.0,55114.33,On Track,6,11450.67,68704.02,0.0,100.0,6
ACC-0608,Heritage Shop,E-Commerce,MI,2023-04,114000,160968.0,111248.27,On Track,12,13414.0,147554.0,13414.0,91.67,12
ACC-0609,Prairie Logistics Group,Logistics,NY,2024-01,138500,184343.5,135519.03,Paid Off,6,30723.92,184343.52,0.0,100.0,6
ACC-0610,Vanguard Cartage,Logistics,SD,2024-03,102500,123307.5,100467.26,On Track,18,6850.42,54803.36,68504.14,44.44,9
ACC-0611,Downtown Hauling,Logistics,ME,2023-06,33000,43461.0,32211.96,On Track,18,2414.5,41046.5,2414.5,94.44,18
ACC-0612,Heritage Vision Center,Healthcare,MT,2023-11,61500,75460.5,60553.95,Late,12,6288.38,62390.02,13070.48,82.68,12
ACC-0613,Evergreen HVAC Services,Construction,AZ,2024-05,70000,101010.0,68942.17,Paid Off,12,8417.5,58922.5,42087.5,58.33,7
ACC-0614,Emerald Dermatology,Healthcare,OR,2023-11,20500,23780.0,19930.62,On Track,12,1981.67,23780.04,0.0,100.0,12
ACC-0615,Cedar Grove Plumbing,Construction,MO,2023-10,71000,97270.0,69885.56,On Track,18,5403.89,70250.57,27019.43,72.22,14
ACC-0616,Willow Digital,E-Commerce,MN,2023-02,192000,265344.0,187608.59,Paid Off,9,29482.67,265344.03,0.0,100.0,9
ACC-0617,Harbor Coffee Co.,Food & Beverage,NE,2023-11,78000,91260.0,76110.46,On Track,6,15210.0,91260.0,0.0,100.0,6
ACC-0618,Crossroads Eatery,Food & Beverage,HI,2024-08,123500,148447.0,121280.39,On Track,12,12370.58,49482.32,98964.68,33.33,4
ACC-0619,Sapphire Boutique,Retail,NJ,2024-04,61000,77165.0,59265.41,Late,9,8573.89,54680.2,22484.8,70.86,8
ACC-0620,Crossroads Emporium,Retail,PA,2024-10,53000,74730.0,52053.87,On Track,9,8303.33,16606.66,58123.34,22.22,2
ACC-0621,Lakeside Home Health,Healthcare,LA,2023-04,68000,89148.0,66077.79,On Track,6,14858.0,89148.0,0.0,100.0,6
ACC-0622,Compass Medical Group,Healthcare,CT,2023-01,35000,47145.0,34074.43,On Track,12,3928.75,43216.25,3928.75,91.67,12
ACC-0623,Cascade Apparel,Retail,MD,2024-02,32500,45012.5,31895.14,On Track,9,5001.39,45012.51,0.0,100.0,9
ACC-0624,Rocky Peak Vision Center,Healthcare,GA,2023-05,110500,154479.0,108592.64,On Track,6,25746.5,154479.0,0.0,100.0,6
ACC-0625,Compass DTC,E-Commerce,ME,2024-03,117000,151281.0,114690.01,On Track,6,25213.5,151281.0,0.0,100.0,6
ACC-0626,Oakline Bakery,Food & Beverage,NY,2024-10,32000,41696.0,31328.98,Paid Off,9,4632.89,9265.78,32430.22,22.22,2
ACC-0627,Coastal Dermatology,Healthcare,CO,2023-09,93500,127627.5,91752.79,On Track,18,7090.42,106356.3,21271.2,83.33,15
ACC-0628,Vanguard Urgent Care,Healthcare,PA,2024-02,52500,64522.5,50925.87,Late,9,7169.17,56033.03,8489.47,86.84,9
ACC-0629,Beacon Storefront,E-Commerce,ID,2024-05,66500,93499.0,65273.42,Defaulted,12,7791.58,46749.48,46749.52,50.0,7
ACC-0630,Highland Chiropractic,Healthcare,VT,2023-04,71000,82076.0,69050.37,On Track,12,6839.67,82076.04,0.0,100.0,12
ACC-0631,First Avenue Electric,Construction,OR,2024-10,95000,114855.0,93348.26,On Track,9,12761.67,25523.34,89331.66,22.22,2
ACC-0632,Stonebridge Pizzeria,Food & Beverage,IN,2023-05,57500,79925.0,55792.04,Late,12,6660.42,71362.94,8562.06,89.29,12
ACC-0633,Sapphire Vision Center,Healthcare,NH,2024-08,119500,149614.0,117303.25,Defaulted,12,12467.83,37403.49,112210.51,25.0,4
ACC-0634,Beacon Dermatology,Healthcare,CO,2024-04,65000,77675.0,63613.85,Late,12,6472.92,47542.03,30132.97,61.21,8
ACC-0635,Midtown Grill,Food & Beverage,CA,2023-04,77500,93465.0,75688.17,On Track,6,15577.5,93465.0,0.0,100.0,6
ACC-0636,Silver Creek Masonry,Construction,WV,2024-06,35000,45815.0,34411.85,On Track,6,7635.83,45814.98,0.02,100.0,6
ACC-0637,Prairie Bakery,Food & Beverage,SD,2023-05,180500,253422.0,175580.96,On Track,18,14079.0,253422.0,0.0,100.0,18
ACC-0638,Patriot Grill,Food & Beverage,DE,2024-03,71000,83141.0,69642.46,Late,12,6928.42,56694.86,26446.14,68.19,9
ACC-0639,Lone Star HVAC Services,Construction,IA,2024-12,81500,94458.5,79606.02,Paid Off,18,5247.69,0.0,94458.5,0.0,0
ACC-0640,Golden State Trucking,Logistics,GA,2024-11,22500,29025.0,21977.0,On Track,18,1612.5,1612.5,27412.5,5.56,1
ACC-0641,Hometown Builders,Construction,MD,2024-09,35000,50295.0,34158.61,Paid Off,6,8382.5,25147.5,25147.5,50.0,3
ACC-0642,Midtown Hauling,Logistics,IA,2023-12,108500,133889.0,106782.2,On Track,12,11157.42,133889.04,0.0,100.0,12
ACC-0643,Maple Lane Hauling,Logistics,KY,2024-02,64500,92751.0,63369.36,Paid Off,9,10305.67,92751.03,0.0,100.0,9
ACC-0644,Beacon Pediatrics,Healthcare,NE,2023-08,19000,26904.0,18669.06,On Track,12,2242.0,26904.0,0.0,100.0,12
ACC-0645,Downtown Builders,Construction,GA,2024-11,97500,120412.5,95595.75,Paid Off,6,20068.75,20068.75,100343.75,16.67,1
ACC-0646,First Avenue Bakery,Food & Beverage,VT,2023-12,41000,57195.0,40295.88,Paid Off,9,6355.0,57195.0,0.0,100.0,9
ACC-0647,Pioneer Wellness Clinic,Healthcare,OR,2024-07,119500,162042.0,116054.96,Paid Off,12,13503.5,67517.5,94524.5,41.67,5
ACC-0648,Oakline Storefront,E-Commerce,RI,2023-09,52500,68460.0,51308.55,On Track,12,5705.0,68460.0,0.0,100.0,12
ACC-0649,Keystone Express,Logistics,FL,2024-06,61500,78535.5,60002.25,Late,12,6544.62,33147.06,45388.44,42.21,6
ACC-0650,Compass Transport,Logistics,OK,2023-06,105000,146475.0,102861.96,Paid Off,9,16275.0,146475.0,0.0,100.0,9
ACC-0651,Trailhead Pediatrics,Healthcare,TN,2024-06,33500,46498.0,32858.69,On Track,9,5166.44,30998.64,15499.36,66.67,6
ACC-0652,Oakline Digital,E-Commerce,FL,2023-02,32000,44064.0,31278.47,On Track,18,2448.0,44064.0,0.0,100.0,18
ACC-0653,Market Street Bistro,Food & Beverage,PA,2023-03,49500,71725.5,48538.97,Paid Off,9,7969.5,71725.5,0.0,100.0,9
ACC-0654,Meridian Contracting,Construction,LA,2023-09,86500,111931.0,84756.62,On Track,9,12436.78,111931.02,0.0,100.0,9
ACC-0655,Lakeside Direct,E-Commerce,SC,2023-12,26500,36888.0,25922.53,On Track,12,3074.0,36888.0,0.0,100.0,12
ACC-0656,Lakeside DTC,E-Commerce,MS,2024-06,22000,30998.0,21503.11,On Track,9,3444.22,17221.1,13776.9,55.56,6
ACC-0657,Trailhead Carpentry,Construction,SD,2023-09,86500,104924.5,83925.35,On Track,12,8743.71,104924.52,0.0,100.0,12
ACC-0658,Compass Direct,E-Commerce,DE,2023-01,39500,45938.5,38775.18,On Track,9,5104.28,40834.24,5104.26,88.89,9
ACC-0659,New Day Supply Co.,Retail,MD,2023-08,44500,56559.5,43506.78,Paid Off,12,4713.29,56559.48,0.02,100.0,12
ACC-0660,Willow Pizzeria,Food & Beverage,IN,2023-11,20000,28140.0,19655.15,On Track,18,1563.33,18759.96,9380.04,66.67,13
ACC-0661,Meridian Smokehouse,Food & Beverage,IL,2024-02,38000,47006.0,37230.5,Paid Off,18,2611.44,26114.4,20891.6,55.56,10
ACC-0662,Sapphire Masonry,Construction,KS,2024-04,55000,74800.0,53583.22,On Track,12,6233.33,49866.64,24933.36,66.67,8
ACC-0663,Compass Mercantile,Retail,MD,2023-07,91500,105408.0,89888.05,On Track,9,11712.0,105408.0,0.0,100.0,9
ACC-0664,Downtown Coffee Co.,Food & Beverage,CT,2024-03,36000,45252.0,35146.07,On Track,12,3771.0,30168.0,15084.0,66.67,9
ACC-0665,Evergreen Shop,E-Commerce,OK,2024-04,137000,182895.0,134088.68,Late,12,15241.25,110591.72,72303.28,60.47,8
ACC-0666,Vanguard Carpentry,Construction,NV,2024-07,37500,44587.5,36908.49,Defaulted,12,3715.62,18578.1,26009.4,41.67,5
ACC-0667,Pine Hollow Shop,E-Commerce,TN,2024-01,38000,53922.0,36898.15,On Track,12,4493.5,44935.0,8987.0,83.33,11
ACC-0668,Rocky Peak Hauling,Logistics,OK,2024-08,128000,153216.0,125285.88,On Track,12,12768.0,51072.0,102144.0,33.33,4
ACC-0669,Willow Freight,Logistics,DE,2023-06,62000,88226.0,60340.95,On Track,12,7352.17,88226.04,0.0,100.0,12
ACC-0670,Cedar Grove Emporium,Retail,AR,2024-06,40500,49207.5,39639.59,On Track,12,4100.62,20503.1,28704.4,41.67,6
ACC-0671,Vanguard Express,Logistics,MI,2023-02,50500,73124.0,49032.45,Late,9,8124.89,68688.09,4435.91,93.93,9
ACC-0672,New Day DTC,E-Commerce,MO,2023-03,116000,154396.0,113754.58,On Track,9,17155.11,154395.99,0.01,100.0,9
ACC-0673,Coastal Marketplace,E-Commerce,IL,2024-09,123000,144525.0,120394.43,Defaulted,12,12043.75,36131.25,108393.75,25.0,3
ACC-0674,Oakline Apparel,Retail,SC,2023-12,35000,40950.0,34076.6,Paid Off,6,6825.0,40950.0,0.0,100.0,6
ACC-0675,Mainline Commerce Co.,E-Commerce,NJ,2024-03,53500,62702.0,52421.71,On Track,18,3483.44,27867.52,34834.48,44.44,9
ACC-0676,Midtown Plumbing,Construction,PA,2024-03,58000,76966.0,56813.01,Late,12,6413.83,48679.97,28286.03,63.25,9
ACC-0677,Mainline Fulfillment,E-Commerce,CO,2024-05,32000,44576.0,31042.48,On Track,6,7429.33,44575.98,0.02,100.0,6
ACC-0678,Vanguard Emporium,Retail,SD,2023-06,53500,67998.5,52251.62,Late,12,5666.54,51331.57,16666.93,75.49,12
ACC-0679,Rocky Peak DTC,E-Commerce,HI,2023-05,55000,70565.0,53606.26,On Track,12,5880.42,70565.04,0.0,100.0,12
ACC-0680,Pioneer Delivery Co.,Logistics,MN,2023-02,103000,136681.0,100460.85,Late,12,11390.08,118468.65,18212.35,86.68,12
ACC-0681,Pioneer Roofing,Construction,MI,2024-09,107000,140170.0,104066.18,On Track,9,15574.44,46723.32,93446.68,33.33,3
ACC-0682,Prairie Apparel,Retail,TN,2023-06,46000,62376.0,44715.34,On Track,18,3465.33,62375.94,0.06,100.0,18
ACC-0683,Old Town Fleet Services,Logistics,IN,2024-02,49000,63308.0,47851.01,Late,9,7034.22,53897.72,9410.28,85.14,9
ACC-0684,Downtown Express,Logistics,IL,2023-11,79500,108438.0,77956.24,On Track,12,9036.5,108438.0,0.0,100.0,12
ACC-0685,Keystone Smokehouse,Food & Beverage,KY,2023-04,40000,57960.0,39386.32,On Track,6,9660.0,57960.0,0.0,100.0,6
ACC-0686,Blue River Remodeling,Construction,ME,2023-10,76000,95380.0,74159.58,Late,12,7948.33,87338.45,8041.55,91.57,12
ACC-0687,Crossroads Medical Group,Healthcare,GA,2023-03,52500,60585.0,51062.44,On Track,12,5048.75,60585.0,0.0,100.0,12
ACC-0688,Northwind Storefront,E-Commerce,FL,2023-05,32500,38610.0,31792.86,Late,12,3217.5,34568.46,4041.54,89.53,12
ACC-0689,Copper Chiropractic,Healthcare,ID,2023-04,32500,42770.0,31932.21,Paid Off,9,4752.22,42769.98,0.02,100.0,9
ACC-0690,Brookstone HVAC Services,Construction,MS,2024-08,122000,152866.0,119642.81,Paid Off,12,12738.83,50955.32,101910.68,33.33,4
ACC-0691,Patriot Transport,Logistics,LA,2024-02,50500,72316.0,49356.18,On Track,12,6026.33,60263.3,12052.7,83.33,10
ACC-0692,Emerald Masonry,Construction,MD,2024-11,135500,181299.0,131766.95,On Track,9,20144.33,20144.33,161154.67,11.11,1
ACC-0693,Brookstone Transport,Logistics,OK,2023-11,41500,54199.0,40770.58,Defaulted,18,3011.06,24088.48,30110.52,44.44,13
ACC-0694,Downtown Transport,Logistics,IL,2023-05,64500,89590.5,62940.24,On Track,12,7465.88,89590.56,0.0,100.0,12
ACC-0695,Lone Star Supply Co.,Retail,VA,2024-03,205000,251740.0,199608.39,On Track,18,13985.56,125870.04,125869.96,50.0,9
ACC-0696,Coastal Grill,Food & Beverage,PA,2024-11,30500,42578.0,29614.26,On Track,18,2365.44,2365.44,40212.56,5.56,1
ACC-0697,Lakeside Roofing,Construction,FL,2024-01,19500,22444.5,19173.36,On Track,18,1246.92,13716.12,8728.38,61.11,11
ACC-0698,Heritage Commerce Co.,E-Commerce,KS,2023-01,111500,148964.0,108278.11,Paid Off,12,12413.67,136550.37,12413.63,91.67,12
ACC-0699,Lakeside Dry Goods,Retail,GA,2023-08,35000,50050.0,34159.23,Late,12,4170.83,42084.93,7965.07,84.09,12
ACC-0700,Granite Outfitters,Retail,IN,2024-11,54500,75537.0,53055.72,Late,6,12589.5,11276.48,64260.52,14.93,1
ACC-0701,Coastal Online,E-Commerce,ME,2024-01,40000,56240.0,39367.74,Late,12,4686.67,47822.66,8417.34,85.03,11
ACC-0702,Blue River Shop,E-Commerce,CT,2024-11,63500,80581.5,62065.39,On Track,12,6715.12,6715.12,73866.38,8.33,1
ACC-0703,Rocky Peak Pizzeria,Food & Beverage,AL,2024-01,32500,45402.5,31708.97,On Track,12,3783.54,41618.94,3783.56,91.67,11
ACC-0704,Maple Lane Eatery,Food & Beverage,MI,2023-01,50000,65750.0,49019.87,On Track,18,3652.78,65750.04,0.0,100.0,18
ACC-0705,Northwind Outfitters,Retail,OK,2024-09,70500,94188.0,68986.03,Paid Off,6,15698.0,47094.0,47094.0,50.0,3
ACC-0706,Patriot Storefront,E-Commerce,KS,2024-07,31500,36792.0,30765.59,On Track,9,4088.0,20440.0,16352.0,55.56,5
ACC-0707,Emerald Outfitters,Retail,UT,2024-06,37500,45375.0,36626.69,Paid Off,12,3781.25,22687.5,22687.5,50.0,6
ACC-0708,Copper Shop,E-Commerce,ME,2024-12,45500,59832.5,44788.93,On Track,9,6648.06,0.0,59832.5,0.0,0
ACC-0709,Rocky Peak Dermatology,Healthcare,VA,2023-05,25000,29200.0,24460.19,Late,6,4866.67,25657.43,3542.57,87.87,6
ACC-0710,Lakeside Wellness Clinic,Healthcare,ID,2024-10,43500,59682.0,42707.98,Late,6,9947.0,19037.25,40644.75,31.9,2
ACC-0711,Old Town Contracting,Construction,NE,2023-06,58500,82017.0,56818.1,Late,12,6834.75,70410.81,11606.19,85.85,12
ACC-0712,Blue River Marketplace,E-Commerce,RI,2024-12,44000,62744.0,42695.46,On Track,9,6971.56,0.0,62744.0,0.0,0
ACC-0713,Prairie Masonry,Construction,AZ,2023-05,47500,56097.5,46574.0,Defaulted,6,9349.58,28048.74,28048.76,50.0,6
ACC-0714,Market Street Carpentry,Construction,WA,2024-02,54500,78044.0,53539.29,On Track,6,13007.33,78043.98,0.02,100.0,6
ACC-0715,Lakeside Fleet Services,Logistics,ME,2024-07,38500,45045.0,37795.74,On Track,9,5005.0,25025.0,20020.0,55.56,5
ACC-0716,Brookstone Builders,Construction,MO,2023-02,80500,104006.0,78715.61,On Track,6,17334.33,104005.98,0.02,100.0,6
ACC-0717,Keystone Digital,E-Commerce,NY,2023-02,121000,169642.0,117597.77,On Track,12,14136.83,169641.96,0.04,100.0,12
ACC-0718,Sapphire Medical Group,Healthcare,NC,2024-09,42500,49767.5,41543.73,Paid Off,12,4147.29,12441.87,37325.63,25.0,3
ACC-0719,Golden State Bistro,Food & Beverage,AK,2023-02,72000,83160.0,70860.18,On Track,9,9240.0,83160.0,0.0,100.0,9
ACC-0720,Lone Star Commerce Co.,E-Commerce,UT,2024-03,48000,55536.0,47251.28,On Track,12,4628.0,41652.0,13884.0,75.0,9
ACC-0721,Northwind Goods,Retail,NY,2024-11,67000,87301.0,65766.47,Paid Off,6,14550.17,14550.17,72750.83,16.67,1
ACC-0722,Rocky Peak Trucking,Logistics,WY,2024-03,130000,181090.0,126406.6,Late,9,20121.11,173346.91,7743.09,95.72,9
ACC-0723,Vanguard Express,Logistics,MS,2023-12,73000,86724.0,71224.48,Paid Off,18,4818.0,52998.0,33726.0,61.11,12
ACC-0724,Granite Outfitters,Retail,NM,2023-11,20500,24333.5,20019.39,Paid Off,12,2027.79,24333.48,0.02,100.0,12
ACC-0725,Stonebridge HVAC Services,Construction,MN,2024-04,70500,93130.5,69105.19,On Track,18,5173.92,41391.36,51739.14,44.44,8
ACC-0726,Pine Hollow Supply Co.,Retail,VT,2024-02,108500,132370.0,105359.86,Late,9,14707.78,107970.49,24399.51,81.57,9
ACC-0727,Golden State Electric,Construction,TN,2024-01,48500,66396.5,47531.57,On Track,9,7377.39,59019.12,7377.38,88.89,9
ACC-0728,Lakeside Goods,Retail,VA,2023-04,95000,136325.0,92385.2,On Track,9,15147.22,136324.98,0.02,100.0,9
ACC-0729,Horizon Pediatrics,Healthcare,MT,2024-04,37500,51750.0,36433.55,On Track,9,5750.0,46000.0,5750.0,88.89,8
ACC-0730,Summit Outlet,E-Commerce,SC,2024-06,24500,34618.5,23954.87,Paid Off,18,1923.25,11539.5,23079.0,33.33,6
ACC-0731,Blue River Carpentry,Construction,LA,2024-06,59500,77707.0,57809.35,On Track,6,12951.17,77707.02,0.0,100.0,6
ACC-0732,Blue River Vision Center,Healthcare,MS,2023-02,21000,29400.0,20597.81,Paid Off,18,1633.33,27766.61,1633.39,94.44,18
ACC-0733,Copper Freight,Logistics,RI,2024-05,48000,57840.0,46805.93,On Track,18,3213.33,22493.31,35346.69,38.89,7
ACC-0734,Patriot Remodeling,Construction,CA,2024-06,111500,130566.5,109680.38,On Track,12,10880.54,54402.7,76163.8,41.67,6
ACC-0735,Copper Smokehouse,Food & Beverage,OK,2023-05,19000,25593.0,18579.93,On Track,9,2843.67,25593.03,0.0,100.0,9
ACC-0736,Midtown Plumbing,Construction,AL,2024-09,27000,31482.0,26506.98,On Track,12,2623.5,7870.5,23611.5,25.0,3
ACC-0737,Lakeside HVAC Services,Construction,NJ,2024-01,31000,43958.0,30505.82,On Track,9,4884.22,43957.98,0.02,100.0,9
ACC-0738,Oakline Chiropractic,Healthcare,MS,2023-12,53000,71921.0,52202.04,Paid Off,12,5993.42,71921.04,0.0,100.0,12
ACC-0739,Redwood Builders,Construction,MS,2024-06,45000,64620.0,44105.79,On Track,9,7180.0,43080.0,21540.0,66.67,6
ACC-0740,Coastal Hauling,Logistics,MO,2024-01,118500,147414.0,115674.61,On Track,18,8189.67,81896.7,65517.3,55.56,11
ACC-0741,Meridian Plumbing,Construction,MO,2024-02,93000,120528.0,90969.95,Paid Off,12,10044.0,100440.0,20088.0,83.33,10
ACC-0742,Midtown Remodeling,Construction,MA,2023-08,72000,98856.0,70594.09,On Track,12,8238.0,98856.0,0.0,100.0,12
ACC-0743,Patriot Commerce Co.,E-Commerce,MN,2024-11,59500,72768.5,57722.85,On Track,12,6064.04,6064.04,66704.46,8.33,1
ACC-0744,Trailhead Eatery,Food & Beverage,NH,2024-12,68500,89940.5,66507.14,On Track,12,7495.04,0.0,89940.5,0.0,0
ACC-0745,Keystone HVAC Services,Construction,RI,2023-04,34000,45832.0,33425.92,On Track,18,2546.22,45831.96,0.04,100.0,18
ACC-0746,Highland Urgent Care,Healthcare,NV,2024-06,88000,127072.0,86132.06,On Track,6,21178.67,127072.02,0.0,100.0,6
ACC-0747,Northwind Storefront,E-Commerce,NC,2023-01,30000,41190.0,29258.02,Paid Off,18,2288.33,41189.94,0.06,100.0,18
ACC-0748,Vanguard Eatery,Food & Beverage,TN,2023-09,87000,103095.0,84737.79,On Track,12,8591.25,103095.0,0.0,100.0,12
ACC-0749,Oakline Grill,Food & Beverage,WY,2024-12,105500,136411.5,103337.72,Late,18,7578.42,0.0,136411.5,0.0,0
ACC-0750,Northwind Dry Goods,Retail,CO,2023-05,62000,82274.0,60375.96,On Track,9,9141.56,82274.04,0.0,100.0,9
ACC-0751,Cascade Trucking,Logistics,OK,2023-10,50000,59700.0,49156.89,Paid Off,12,4975.0,59700.0,0.0,100.0,12
ACC-0752,Granite Dry Goods,Retail,ID,2023-06,68500,87680.0,67131.56,Late,9,9742.22,83524.75,4155.25,95.26,9
ACC-0753,Trailhead Boutique,Retail,GA,2024-06,11500,14202.5,11203.92,On Track,12,1183.54,7101.24,7101.26,50.0,6
ACC-0754,Midtown Trucking,Logistics,SC,2023-12,65000,77090.0,63414.96,On Track,6,12848.33,77089.98,0.02,100.0,6
ACC-0755,Downtown Fulfillment,E-Commerce,AR,2024-03,51500,67156.0,50080.76,On Track,9,7461.78,67156.02,0.0,100.0,9
ACC-0756,Lakeside Family Dental,Healthcare,TX,2024-11,53500,64200.0,52659.9,Defaulted,9,7133.33,7133.33,57066.67,11.11,1
ACC-0757,Pine Hollow Builders,Construction,RI,2024-01,81000,107487.0,79573.11,Defaulted,9,11943.0,59715.0,47772.0,55.56,9
ACC-0758,Northwind Family Dental,Healthcare,WY,2024-06,53000,63653.0,52166.45,On Track,9,7072.56,42435.36,21217.64,66.67,6
ACC-0759,Harbor Emporium,Retail,ND,2023-03,29500,40326.5,28972.49,Late,12,3360.54,34530.87,5795.63,85.63,12
ACC-0760,Mainline Remodeling,Construction,UT,2023-06,51000,61659.0,50231.72,On Track,9,6851.0,61659.0,0.0,100.0,9
ACC-0761,Harbor Kitchen,Food & Beverage,CO,2024-11,57000,80883.0,55713.9,On Track,12,6740.25,6740.25,74142.75,8.33,1
ACC-0762,Midtown DTC,E-Commerce,VT,2024-09,58500,67743.0,57158.9,Paid Off,6,11290.5,33871.5,33871.5,50.0,3
ACC-0763,Compass Express,Logistics,FL,2024-04,60000,78420.0,58507.9,On Track,12,6535.0,52280.0,26140.0,66.67,8
ACC-0764,Urban Trucking,Logistics,KS,2023-10,97500,121485.0,95474.57,On Track,12,10123.75,121485.0,0.0,100.0,12
ACC-0765,Blue River Wellness Clinic,Healthcare,CT,2023-05,30500,37149.0,30041.03,Late,9,4127.67,34220.36,2928.64,92.12,9
ACC-0766,Evergreen Excavation,Construction,MA,2024-09,60500,78105.5,58980.94,On Track,12,6508.79,19526.37,58579.13,25.0,3
ACC-0767,Cascade Commerce Co.,E-Commerce,PA,2024-07,112000,157136.0,110228.79,Paid Off,18,8729.78,43648.9,113487.1,27.78,5
ACC-0768,Willow Vision Center,Healthcare,IN,2023-06,21000,29925.0,20412.16,On Track,12,2493.75,24937.5,4987.5,83.33,12
ACC-0769,Rocky Peak Dry Goods,Retail,TN,2024-03,60500,75080.5,59571.94,On Track,9,8342.28,75080.52,0.0,100.0,9
ACC-0770,Ironclad Family Dental,Healthcare,NM,2024-03,40000,47840.0,39081.71,On Track,9,5315.56,47840.04,0.0,100.0,9
ACC-0771,Sunrise Shop,E-Commerce,NY,2023-12,45000,61470.0,43720.93,Defaulted,12,5122.5,35857.5,25612.5,58.33,12
ACC-0772,Willow Logistics Group,Logistics,WA,2024-11,33500,44387.5,32709.82,On Track,9,4931.94,4931.94,39455.56,11.11,1
ACC-0773,Sapphire Mercantile,Retail,MI,2023-04,50000,60500.0,48793.69,On Track,12,5041.67,60500.04,0.0,100.0,12
ACC-0774,Midtown Remodeling,Construction,LA,2023-07,151500,208767.0,147678.54,Paid Off,9,23196.33,208766.97,0.03,100.0,9
ACC-0775,Redwood Dispatch,Logistics,WY,2023-03,27500,35915.0,27037.01,Defaulted,12,2992.92,11971.68,23943.32,33.33,12
ACC-0776,Cedar Grove Logistics Group,Logistics,NV,2024-05,29000,39034.0,28271.41,Defaulted,6,6505.67,13011.34,26022.66,33.33,6
ACC-0777,Vanguard Chiropractic,Healthcare,NM,2024-04,27000,33966.0,26238.46,Paid Off,6,5661.0,33966.0,0.0,100.0,6
ACC-0778,Downtown Trading Co.,Retail,IA,2024-12,142000,182044.0,137794.91,On Track,18,10113.56,0.0,182044.0,0.0,0
ACC-0779,Prairie Bistro,Food & Beverage,HI,2024-02,42500,51170.0,41580.05,Paid Off,18,2842.78,28427.8,22742.2,55.56,10
ACC-0780,Brookstone Transport,Logistics,FL,2023-04,54000,74358.0,52910.95,Late,18,4131.0,65417.33,8940.67,87.98,18
ACC-0781,Heritage Logistics Group,Logistics,ID,2023-11,44000,52668.0,42842.82,Late,18,2926.0,33552.38,19115.62,63.71,13
ACC-0782,New Day Digital,E-Commerce,GA,2023-03,32500,44947.5,31747.85,Late,9,4994.17,37209.0,7738.5,82.78,9
ACC-0783,Compass Boutique,Retail,PA,2024-05,48500,67366.5,47585.31,On Track,9,7485.17,52396.19,14970.31,77.78,7
ACC-0784,Midtown Outfitters,Retail,AZ,2024-05,212500,291975.0,208763.75,On Track,6,48662.5,291975.0,0.0,100.0,6
ACC-0785,Oakline Wellness Clinic,Healthcare,NY,2024-09,118500,136986.0,116419.92,Paid Off,12,11415.5,34246.5,102739.5,25.0,3
ACC-0786,Ironclad Commerce Co.,E-Commerce,WV,2023-09,34500,42504.0,33744.88,On Track,9,4722.67,42504.03,0.0,100.0,9
ACC-0787,Evergreen Trading Co.,Retail,RI,2023-08,78500,101343.5,77122.18,On Track,18,5630.19,90083.04,11260.46,88.89,16
ACC-0788,Patriot Carpentry,Construction,MA,2023-02,35000,46515.0,34464.65,On Track,6,7752.5,46515.0,0.0,100.0,6
ACC-0789,Mainline Digital,E-Commerce,AZ,2023-10,20500,29233.0,20176.48,Paid Off,6,4872.17,24360.85,4872.15,83.33,6
ACC-0790,Crossroads Goods,Retail,TN,2023-12,96500,121879.5,93706.49,Late,9,13542.17,109242.48,12637.02,89.63,9
ACC-0791,Oakline Emporium,Retail,AL,2024-07,104000,146952.0,102326.18,Late,6,24492.0,112091.06,34860.94,76.28,5
ACC-0792,Trailhead Urgent Care,Healthcare,OH,2024-07,98000,117502.0,96422.42,Late,9,13055.78,35171.34,82330.66,29.93,5
ACC-0793,Silver Creek Excavation,Construction,ND,2023-04,42500,53592.5,41574.87,Late,12,4466.04,46973.43,6619.07,87.65,12
ACC-0794,Old Town Carpentry,Construction,GA,2023-07,50000,58300.0,49066.17,Paid Off,9,6477.78,58300.02,0.0,100.0,9
ACC-0795,Old Town Home Health,Healthcare,OR,2024-01,83000,113959.0,80556.45,On Track,12,9496.58,104462.38,9496.62,91.67,11
ACC-0796,Rocky Peak Cafe,Food & Beverage,FL,2023-09,68000,81260.0,66050.79,Paid Off,18,4514.44,63202.16,18057.84,77.78,15
ACC-0797,Emerald Transport,Logistics,ID,2023-01,44500,54601.5,43562.33,On Track,12,4550.13,54601.56,0.0,100.0,12
ACC-0798,Lone Star Pediatrics,Healthcare,SD,2024-09,22500,31117.5,22011.05,On Track,12,2593.12,7779.36,23338.14,25.0,3
ACC-0799,Old Town Bistro,Food & Beverage,WI,2024-06,58500,76635.0,57293.34,On Track,9,8515.0,51090.0,25545.0,66.67,6
ACC-0800,Golden State Medical Group,Healthcare,IN,2024-01,99500,114823.0,97950.98,Late,6,19137.17,100413.85,14409.15,87.45,6
